"location_id","subdistrict_name","district_name","city_name","province_name","latitude","longitude","timezone","created_at","updated_at"
"32.01.01.1001",Pondok Rajeg,Cibinong,Bogor,Jawa Barat,-6.45630019,106.81987843,Asia/Jakarta,2025-07-18 11:41:48.096,2025-07-18 11:41:48.096
"32.01.01.1002",Karadenan,Cibinong,Bogor,Jawa Barat,-6.51694652,106.81044882,Asia/Jakarta,2025-07-18 11:41:48.125,2025-07-18 11:41:48.125
"32.01.01.1003",Harapanjaya,Cibinong,Bogor,Jawa Barat,-6.46144199,106.83599587,Asia/Jakarta,2025-07-18 11:41:48.147,2025-07-18 11:41:48.147
"32.01.01.1004",Nanggewer,Cibinong,Bogor,Jawa Barat,-6.51212388,106.82931177,Asia/Jakarta,2025-07-18 11:41:48.175,2025-07-18 11:41:48.175
"32.01.01.1005",Nanggewer Mekar,Cibinong,Bogor,Jawa Barat,-6.50332807,106.83567890,Asia/Jakarta,2025-07-18 11:41:48.197,2025-07-18 11:41:48.197
"32.01.01.1006",Cibinong,Cibinong,Bogor,Jawa Barat,-6.48947964,106.85314415,Asia/Jakarta,2025-07-18 11:41:48.220,2025-07-18 11:41:48.220
"32.01.01.1007",Pakansari,Cibinong,Bogor,Jawa Barat,-6.48806195,106.83497864,Asia/Jakarta,2025-07-18 11:41:48.245,2025-07-18 11:41:48.245
"32.01.01.1008",Tengah,Cibinong,Bogor,Jawa Barat,-6.47658502,106.82597583,Asia/Jakarta,2025-07-18 11:41:48.270,2025-07-18 11:41:48.270
"32.01.01.1009",Sukahati,Cibinong,Bogor,Jawa Barat,-6.49301256,106.81281704,Asia/Jakarta,2025-07-18 11:41:48.299,2025-07-18 11:41:48.299
"32.01.01.1010",Ciriung,Cibinong,Bogor,Jawa Barat,-6.46549182,106.86606201,Asia/Jakarta,2025-07-18 11:41:48.326,2025-07-18 11:41:48.326
"32.01.01.1011",Cirimekar,Cibinong,Bogor,Jawa Barat,-6.47394458,106.85606641,Asia/Jakarta,2025-07-18 11:41:48.352,2025-07-18 11:41:48.352
"32.01.01.1012",Pabuaran,Cibinong,Bogor,Jawa Barat,-6.46258323,106.84895320,Asia/Jakarta,2025-07-18 11:41:48.375,2025-07-18 11:41:48.375
"32.01.01.1013",Pabuaran Mekar,Cibinong,Bogor,Jawa Barat,-6.44475686,106.84808445,Asia/Jakarta,2025-07-18 11:41:48.399,2025-07-18 11:41:48.399
"32.01.02.2001",Wanaherang,Gunung Putri,Bogor,Jawa Barat,-6.41648170,106.94501393,Asia/Jakarta,2025-07-18 11:41:48.601,2025-07-18 11:41:48.601
"32.01.02.2002",Bojong Kulur,Gunung Putri,Bogor,Jawa Barat,-6.32120315,106.96935171,Asia/Jakarta,2025-07-18 11:41:48.625,2025-07-18 11:41:48.625
"32.01.02.2003",Ciangsana,Gunung Putri,Bogor,Jawa Barat,-6.35602236,106.95875407,Asia/Jakarta,2025-07-18 11:41:48.659,2025-07-18 11:41:48.659
"32.01.02.2004",Gunung Putri,Gunung Putri,Bogor,Jawa Barat,-6.46254720,106.89443650,Asia/Jakarta,2025-07-18 11:41:48.694,2025-07-18 11:41:48.694
"32.01.02.2005",Bojong Nangka,Gunung Putri,Bogor,Jawa Barat,-6.43132672,106.90253305,Asia/Jakarta,2025-07-18 11:41:48.743,2025-07-18 11:41:48.743
"32.01.02.2006",Tlajung Udik,Gunung Putri,Bogor,Jawa Barat,-6.44598697,106.91390333,Asia/Jakarta,2025-07-18 11:41:48.771,2025-07-18 11:41:48.771
"32.01.02.2007",Cicadas,Gunung Putri,Bogor,Jawa Barat,-6.43239257,106.92811793,Asia/Jakarta,2025-07-18 11:41:48.798,2025-07-18 11:41:48.798
"32.01.02.2008",Cikeas Udik,Gunung Putri,Bogor,Jawa Barat,-6.40387832,106.92717446,Asia/Jakarta,2025-07-18 11:41:48.820,2025-07-18 11:41:48.820
"32.01.02.2009",Nagrak,Gunung Putri,Bogor,Jawa Barat,-6.38499170,106.94592534,Asia/Jakarta,2025-07-18 11:41:48.840,2025-07-18 11:41:48.840
"32.01.02.2010",Karanggan,Gunung Putri,Bogor,Jawa Barat,-6.45664754,106.88574465,Asia/Jakarta,2025-07-18 11:41:48.863,2025-07-18 11:41:48.863
"32.01.03.2001",Puspasari,Citeureup,Bogor,Jawa Barat,-6.47613118,106.87450418,Asia/Jakarta,2025-07-18 11:41:49.024,2025-07-18 11:41:49.024
"32.01.03.2002",Citeureup,Citeureup,Bogor,Jawa Barat,-6.48060589,106.89257468,Asia/Jakarta,2025-07-18 11:41:49.053,2025-07-18 11:41:49.053
"32.01.04.2004",Cibanon,Sukaraja,Bogor,Jawa Barat,-6.62925948,106.84411215,Asia/Jakarta,2025-07-18 11:41:49.084,2025-07-18 11:41:49.084
"32.01.04.2005",Nagrak,Sukaraja,Bogor,Jawa Barat,-6.61833442,106.85581560,Asia/Jakarta,2025-07-18 11:41:49.115,2025-07-18 11:41:49.115
"32.01.04.2006",Sukatani,Sukaraja,Bogor,Jawa Barat,-6.60872126,106.84103067,Asia/Jakarta,2025-07-18 11:41:49.137,2025-07-18 11:41:49.137
"32.01.04.2007",Sukaraja,Sukaraja,Bogor,Jawa Barat,-6.60042934,106.83567740,Asia/Jakarta,2025-07-18 11:41:49.166,2025-07-18 11:41:49.166
"32.01.04.2008",Cikeas,Sukaraja,Bogor,Jawa Barat,-6.59161727,106.84877298,Asia/Jakarta,2025-07-18 11:41:49.195,2025-07-18 11:41:49.195
"32.01.04.2009",Pasir Jambu,Sukaraja,Bogor,Jawa Barat,-6.53540122,106.81044686,Asia/Jakarta,2025-07-18 11:41:49.218,2025-07-18 11:41:49.218
"32.01.04.2010",Cimandala,Sukaraja,Bogor,Jawa Barat,-6.52975059,106.82442352,Asia/Jakarta,2025-07-18 11:41:49.255,2025-07-18 11:41:49.255
"32.01.04.2011",Cijujung,Sukaraja,Bogor,Jawa Barat,-6.53097045,106.83671739,Asia/Jakarta,2025-07-18 11:41:49.284,2025-07-18 11:41:49.284
"32.01.04.2012",Cadasngampar,Sukaraja,Bogor,Jawa Barat,-6.57344394,106.84099789,Asia/Jakarta,2025-07-18 11:41:49.316,2025-07-18 11:41:49.316
"32.01.04.2013",Pasirlaja,Sukaraja,Bogor,Jawa Barat,-6.55107600,106.83655408,Asia/Jakarta,2025-07-18 11:41:49.340,2025-07-18 11:41:49.340
"32.01.05.2001",Cijayanti,Babakan Madang,Bogor,Jawa Barat,-6.60189311,106.87024075,Asia/Jakarta,2025-07-18 11:41:49.363,2025-07-18 11:41:49.363
"32.01.05.2002",Sumurbatu,Babakan Madang,Bogor,Jawa Barat,-6.57733591,106.87883944,Asia/Jakarta,2025-07-18 11:41:49.389,2025-07-18 11:41:49.389
"32.01.05.2003",Sentul,Babakan Madang,Bogor,Jawa Barat,-6.52098799,106.85133516,Asia/Jakarta,2025-07-18 11:41:49.419,2025-07-18 11:41:49.419
"32.01.05.2004",Karang Tengah,Babakan Madang,Bogor,Jawa Barat,-6.59841004,106.93723018,Asia/Jakarta,2025-07-18 11:41:49.440,2025-07-18 11:41:49.440
"32.01.05.2005",Cipambuan,Babakan Madang,Bogor,Jawa Barat,-6.55755646,106.84574629,Asia/Jakarta,2025-07-18 11:41:49.463,2025-07-18 11:41:49.463
"32.01.05.2006",Kadumanggu,Babakan Madang,Bogor,Jawa Barat,-6.54483353,106.85484562,Asia/Jakarta,2025-07-18 11:41:49.490,2025-07-18 11:41:49.490
"32.01.05.2007",Citaringgul,Babakan Madang,Bogor,Jawa Barat,-6.56893897,106.85475499,Asia/Jakarta,2025-07-18 11:41:49.514,2025-07-18 11:41:49.514
"32.01.05.2008",Babakan Madang,Babakan Madang,Bogor,Jawa Barat,-6.56514878,106.86693356,Asia/Jakarta,2025-07-18 11:41:49.533,2025-07-18 11:41:49.533
"32.01.05.2009",Bojong Koneng,Babakan Madang,Bogor,Jawa Barat,-6.61038936,106.90618917,Asia/Jakarta,2025-07-18 11:41:49.553,2025-07-18 11:41:49.553
"32.01.06.2001",Sukamaju,Jonggol,Bogor,Jawa Barat,-6.44991713,107.04995682,Asia/Jakarta,2025-07-18 11:41:49.707,2025-07-18 11:41:49.707
"32.01.06.2002",Sirnagalih,Jonggol,Bogor,Jawa Barat,-6.47321252,107.09047565,Asia/Jakarta,2025-07-18 11:41:49.733,2025-07-18 11:41:49.733
"32.01.06.2003",Singajaya,Jonggol,Bogor,Jawa Barat,-6.47079738,107.04570858,Asia/Jakarta,2025-07-18 11:41:49.755,2025-07-18 11:41:49.755
"32.01.06.2004",Sukasirna,Jonggol,Bogor,Jawa Barat,-6.49643712,107.05586499,Asia/Jakarta,2025-07-18 11:41:49.777,2025-07-18 11:41:49.777
"32.01.06.2005",Sukanegara,Jonggol,Bogor,Jawa Barat,-6.52217975,107.03611758,Asia/Jakarta,2025-07-18 11:41:49.801,2025-07-18 11:41:49.801
"32.01.06.2006",Sukamanah,Jonggol,Bogor,Jawa Barat,-6.44324103,107.06591981,Asia/Jakarta,2025-07-18 11:41:49.824,2025-07-18 11:41:49.824
"32.01.06.2007",Weninggalih,Jonggol,Bogor,Jawa Barat,-6.46161874,107.10020674,Asia/Jakarta,2025-07-18 11:41:49.849,2025-07-18 11:41:49.849
"32.01.06.2008",Cibodas,Jonggol,Bogor,Jawa Barat,-6.50890343,107.01213674,Asia/Jakarta,2025-07-18 11:41:49.873,2025-07-18 11:41:49.873
"32.01.06.2009",Jonggol,Jonggol,Bogor,Jawa Barat,-6.46440748,107.07309307,Asia/Jakarta,2025-07-18 11:41:49.898,2025-07-18 11:41:49.898
"32.01.06.2010",Bendungan,Jonggol,Bogor,Jawa Barat,-6.49246278,107.08639962,Asia/Jakarta,2025-07-18 11:41:49.917,2025-07-18 11:41:49.917
"32.01.06.2011",Singasari,Jonggol,Bogor,Jawa Barat,-6.47370587,107.01648166,Asia/Jakarta,2025-07-18 11:41:49.941,2025-07-18 11:41:49.941
"32.01.06.2012",Balekambang,Jonggol,Bogor,Jawa Barat,-6.51179318,107.08620799,Asia/Jakarta,2025-07-18 11:41:49.965,2025-07-18 11:41:49.965
"32.01.06.2013",Sukajaya,Jonggol,Bogor,Jawa Barat,-6.55037720,107.01335299,Asia/Jakarta,2025-07-18 11:41:49.998,2025-07-18 11:41:49.998
"32.01.06.2014",Sukagalih,Jonggol,Bogor,Jawa Barat,-6.48274788,107.10871775,Asia/Jakarta,2025-07-18 11:41:50.047,2025-07-18 11:41:50.047
"32.01.07.2001",Pasirangin,Cileungsi,Bogor,Jawa Barat,-6.37817502,106.98307199,Asia/Jakarta,2025-07-18 11:41:50.263,2025-07-18 11:41:50.263
"32.01.07.2002",Mekarsari,Cileungsi,Bogor,Jawa Barat,-6.40584349,106.99607692,Asia/Jakarta,2025-07-18 11:41:50.288,2025-07-18 11:41:50.288
"32.01.07.2003",Mampir,Cileungsi,Bogor,Jawa Barat,-6.43047691,106.99615686,Asia/Jakarta,2025-07-18 11:41:50.312,2025-07-18 11:41:50.312
"32.01.07.2004",Dayeuh,Cileungsi,Bogor,Jawa Barat,-6.43055390,106.96765965,Asia/Jakarta,2025-07-18 11:41:50.332,2025-07-18 11:41:50.332
"32.01.07.2005",Gandoang,Cileungsi,Bogor,Jawa Barat,-6.41316532,107.01449222,Asia/Jakarta,2025-07-18 11:41:50.358,2025-07-18 11:41:50.358
"32.01.07.2006",Jatisari,Cileungsi,Bogor,Jawa Barat,-6.41271170,107.05056615,Asia/Jakarta,2025-07-18 11:41:50.378,2025-07-18 11:41:50.378
"32.01.07.2007",Cileungsi Kidul,Cileungsi,Bogor,Jawa Barat,-6.41070827,106.96938486,Asia/Jakarta,2025-07-18 11:41:50.401,2025-07-18 11:41:50.401
"32.01.07.2008",Cipeucang,Cileungsi,Bogor,Jawa Barat,-6.42368512,107.04033882,Asia/Jakarta,2025-07-18 11:41:50.428,2025-07-18 11:41:50.428
"32.01.07.2009",Situsari,Cileungsi,Bogor,Jawa Barat,-6.43161228,107.02288801,Asia/Jakarta,2025-07-18 11:41:50.452,2025-07-18 11:41:50.452
"32.01.07.2010",Cipenjo,Cileungsi,Bogor,Jawa Barat,-6.39001696,106.99249472,Asia/Jakarta,2025-07-18 11:41:50.474,2025-07-18 11:41:50.474
"32.01.07.2011",Limusnunggal,Cileungsi,Bogor,Jawa Barat,-6.37500641,106.96920075,Asia/Jakarta,2025-07-18 11:41:50.501,2025-07-18 11:41:50.501
"32.01.07.2012",Cileungsi,Cileungsi,Bogor,Jawa Barat,-6.39969469,106.96245364,Asia/Jakarta,2025-07-18 11:41:50.532,2025-07-18 11:41:50.532
"32.01.08.2001",Karyamekar,Cariu,Bogor,Jawa Barat,-6.54767380,107.10440291,Asia/Jakarta,2025-07-18 11:41:50.701,2025-07-18 11:41:50.701
"32.01.08.2002",Babakanraden,Cariu,Bogor,Jawa Barat,-6.48359956,107.14090327,Asia/Jakarta,2025-07-18 11:41:50.729,2025-07-18 11:41:50.729
"32.01.08.2003",Cikutamahi,Cariu,Bogor,Jawa Barat,-6.54586108,107.16936114,Asia/Jakarta,2025-07-18 11:41:50.752,2025-07-18 11:41:50.752
"32.01.08.2004",Kutamekar,Cariu,Bogor,Jawa Barat,-6.51157026,107.15224995,Asia/Jakarta,2025-07-18 11:41:50.774,2025-07-18 11:41:50.774
"32.01.08.2005",Cariu,Cariu,Bogor,Jawa Barat,-6.51017397,107.12805265,Asia/Jakarta,2025-07-18 11:41:50.801,2025-07-18 11:41:50.801
"32.01.08.2006",Mekarwangi,Cariu,Bogor,Jawa Barat,-6.52522404,107.10816557,Asia/Jakarta,2025-07-18 11:41:50.824,2025-07-18 11:41:50.824
"32.01.08.2007",Bantarkuning,Cariu,Bogor,Jawa Barat,-6.56164732,107.14713472,Asia/Jakarta,2025-07-18 11:41:50.852,2025-07-18 11:41:50.852
"32.01.08.2008",Sukajadi,Cariu,Bogor,Jawa Barat,-6.49026317,107.15972177,Asia/Jakarta,2025-07-18 11:41:50.875,2025-07-18 11:41:50.875
"32.01.08.2009",Tegalpanjang,Cariu,Bogor,Jawa Barat,-6.49223203,107.11653809,Asia/Jakarta,2025-07-18 11:41:50.897,2025-07-18 11:41:50.897
"32.01.08.2010",Cibatutiga,Cariu,Bogor,Jawa Barat,-6.54169036,107.14244921,Asia/Jakarta,2025-07-18 11:41:50.927,2025-07-18 11:41:50.927
"32.01.09.2001",Wargajaya,Sukamakmur,Bogor,Jawa Barat,-6.62566562,107.01338864,Asia/Jakarta,2025-07-18 11:41:51.091,2025-07-18 11:41:51.091
"32.01.09.2002",Pabuaran,Sukamakmur,Bogor,Jawa Barat,-6.54685482,106.96027639,Asia/Jakarta,2025-07-18 11:41:51.127,2025-07-18 11:41:51.127
"32.01.09.2003",Sukadamai,Sukamakmur,Bogor,Jawa Barat,-6.55361201,107.06192158,Asia/Jakarta,2025-07-18 11:41:51.159,2025-07-18 11:41:51.159
"32.01.09.2004",Sukawangi,Sukamakmur,Bogor,Jawa Barat,-6.65112714,107.04180546,Asia/Jakarta,2025-07-18 11:41:51.189,2025-07-18 11:41:51.189
"32.01.09.2005",Cibadak,Sukamakmur,Bogor,Jawa Barat,-6.58190072,106.96021729,Asia/Jakarta,2025-07-18 11:41:51.211,2025-07-18 11:41:51.211
"32.01.09.2006",Sukaresmi,Sukamakmur,Bogor,Jawa Barat,-6.53485425,107.05130728,Asia/Jakarta,2025-07-18 11:41:51.237,2025-07-18 11:41:51.237
"32.01.09.2007",Sukamulya,Sukamakmur,Bogor,Jawa Barat,-6.59108284,106.99721755,Asia/Jakarta,2025-07-18 11:41:51.266,2025-07-18 11:41:51.266
"32.01.09.2008",Sukaharja,Sukamakmur,Bogor,Jawa Barat,-6.60364493,107.05494774,Asia/Jakarta,2025-07-18 11:41:51.288,2025-07-18 11:41:51.288
"32.01.09.2009",Sirnajaya,Sukamakmur,Bogor,Jawa Barat,-6.61866859,106.99750674,Asia/Jakarta,2025-07-18 11:41:51.313,2025-07-18 11:41:51.313
"32.01.09.2010",Sukamakmur,Sukamakmur,Bogor,Jawa Barat,-6.57272795,106.98568358,Asia/Jakarta,2025-07-18 11:41:51.336,2025-07-18 11:41:51.336
"32.01.11.2003",Pengasinan,Gunung Sindur,Bogor,Jawa Barat,-6.36920351,106.69055657,Asia/Jakarta,2025-07-18 11:41:51.442,2025-07-18 11:41:51.442
"32.01.11.2004",Curug,Gunung Sindur,Bogor,Jawa Barat,-6.39599099,106.71999475,Asia/Jakarta,2025-07-18 11:41:51.467,2025-07-18 11:41:51.467
"32.01.11.2005",Gunungsindur,Gunung Sindur,Bogor,Jawa Barat,-6.38455110,106.66956699,Asia/Jakarta,2025-07-18 11:41:51.498,2025-07-18 11:41:51.498
"32.01.11.2006",Jampang,Gunung Sindur,Bogor,Jawa Barat,-6.39882337,106.65506348,Asia/Jakarta,2025-07-18 11:41:51.527,2025-07-18 11:41:51.527
"32.01.11.2007",Cibadung,Gunung Sindur,Bogor,Jawa Barat,-6.40357642,106.67794727,Asia/Jakarta,2025-07-18 11:41:51.554,2025-07-18 11:41:51.554
"32.01.11.2008",Cibinong,Gunung Sindur,Bogor,Jawa Barat,-6.39473666,106.69071316,Asia/Jakarta,2025-07-18 11:41:51.574,2025-07-18 11:41:51.574
"32.01.11.2009",Rawakalong,Gunung Sindur,Bogor,Jawa Barat,-6.37022809,106.71030308,Asia/Jakarta,2025-07-18 11:41:51.603,2025-07-18 11:41:51.603
"32.01.11.2010",Pabuaran,Gunung Sindur,Bogor,Jawa Barat,-6.36931300,106.66833354,Asia/Jakarta,2025-07-18 11:41:51.623,2025-07-18 11:41:51.623
"32.01.12.2001",Bojong,Kemang,Bogor,Jawa Barat,-6.52740092,106.75226736,Asia/Jakarta,2025-07-18 11:41:51.649,2025-07-18 11:41:51.649
"32.01.12.2002",Parakanjaya,Kemang,Bogor,Jawa Barat,-6.52105906,106.76235870,Asia/Jakarta,2025-07-18 11:41:51.670,2025-07-18 11:41:51.670
"32.01.12.2003",Kemang,Kemang,Bogor,Jawa Barat,-6.50784485,106.74859078,Asia/Jakarta,2025-07-18 11:41:51.700,2025-07-18 11:41:51.700
"32.01.12.2004",Pabuaran,Kemang,Bogor,Jawa Barat,-6.50387980,106.72536198,Asia/Jakarta,2025-07-18 11:41:51.720,2025-07-18 11:41:51.720
"32.01.12.2005",Semplak Barat,Kemang,Bogor,Jawa Barat,-6.54357567,106.74859961,Asia/Jakarta,2025-07-18 11:41:51.742,2025-07-18 11:41:51.742
"32.01.12.1006",Atang Senjaya,Kemang,Bogor,Jawa Barat,-6.54072088,106.75868298,Asia/Jakarta,2025-07-18 11:41:51.762,2025-07-18 11:41:51.762
"32.01.12.2007",Jampang,Kemang,Bogor,Jawa Barat,-6.47476383,106.72656670,Asia/Jakarta,2025-07-18 11:41:51.814,2025-07-18 11:41:51.814
"32.01.12.2008",Pondok Udik,Kemang,Bogor,Jawa Barat,-6.49100708,106.73711980,Asia/Jakarta,2025-07-18 11:41:51.834,2025-07-18 11:41:51.834
"32.01.12.2009",Tegal,Kemang,Bogor,Jawa Barat,-6.48363639,106.70952952,Asia/Jakarta,2025-07-18 11:41:51.863,2025-07-18 11:41:51.863
"32.01.13.2001",Bojongbaru,Bojong Gede,Bogor,Jawa Barat,-6.47684967,106.80958210,Asia/Jakarta,2025-07-18 11:41:52.004,2025-07-18 11:41:52.004
"32.01.13.2002",Cimanggis,Bojong Gede,Bogor,Jawa Barat,-6.50386031,106.77632005,Asia/Jakarta,2025-07-18 11:41:52.025,2025-07-18 11:41:52.025
"32.01.13.2003",Susukan,Bojong Gede,Bogor,Jawa Barat,-6.46933491,106.79018800,Asia/Jakarta,2025-07-18 11:41:52.050,2025-07-18 11:41:52.050
"32.01.13.2004",Ragajaya,Bojong Gede,Bogor,Jawa Barat,-6.44550906,106.78223909,Asia/Jakarta,2025-07-18 11:41:52.071,2025-07-18 11:41:52.071
"32.01.13.2005",Kedungwaringin,Bojong Gede,Bogor,Jawa Barat,-6.49649418,106.79384394,Asia/Jakarta,2025-07-18 11:41:52.103,2025-07-18 11:41:52.103
"32.01.13.2006",Waringinjaya,Bojong Gede,Bogor,Jawa Barat,-6.50853810,106.79111425,Asia/Jakarta,2025-07-18 11:41:52.129,2025-07-18 11:41:52.129
"32.01.13.1007",Pabuaran,Bojong Gede,Bogor,Jawa Barat,-6.46077854,106.79855022,Asia/Jakarta,2025-07-18 11:41:52.157,2025-07-18 11:41:52.157
"32.01.13.2008",Rawapanjang,Bojong Gede,Bogor,Jawa Barat,-6.45821755,106.80953053,Asia/Jakarta,2025-07-18 11:41:52.183,2025-07-18 11:41:52.183
"32.01.13.2009",Bojonggede,Bojong Gede,Bogor,Jawa Barat,-6.48662156,106.80003476,Asia/Jakarta,2025-07-18 11:41:52.210,2025-07-18 11:41:52.210
"32.01.14.2001",Leuwiliang,Leuwiliang,Bogor,Jawa Barat,-6.56625823,106.63029031,Asia/Jakarta,2025-07-18 11:41:52.363,2025-07-18 11:41:52.363
"32.01.14.2002",Purasari,Leuwiliang,Bogor,Jawa Barat,-6.69936657,106.60137252,Asia/Jakarta,2025-07-18 11:41:52.389,2025-07-18 11:41:52.389
"32.01.14.2003",Karyasari,Leuwiliang,Bogor,Jawa Barat,-6.63822947,106.62021018,Asia/Jakarta,2025-07-18 11:41:52.409,2025-07-18 11:41:52.409
"32.01.14.2004",Pabangbon,Leuwiliang,Bogor,Jawa Barat,-6.62735237,106.59020279,Asia/Jakarta,2025-07-18 11:41:52.444,2025-07-18 11:41:52.444
"32.01.14.2005",Karacak,Leuwiliang,Bogor,Jawa Barat,-6.62031808,106.62919788,Asia/Jakarta,2025-07-18 11:41:52.474,2025-07-18 11:41:52.474
"32.01.14.2006",Barengkok,Leuwiliang,Bogor,Jawa Barat,-6.59805867,106.63550760,Asia/Jakarta,2025-07-18 11:41:52.498,2025-07-18 11:41:52.498
"32.01.14.2007",Leuwimekar,Leuwiliang,Bogor,Jawa Barat,-6.58301275,106.63308630,Asia/Jakarta,2025-07-18 11:41:52.526,2025-07-18 11:41:52.526
"32.01.14.2008",Puraseda,Leuwiliang,Bogor,Jawa Barat,-6.66720004,106.59726095,Asia/Jakarta,2025-07-18 11:41:52.554,2025-07-18 11:41:52.554
"32.01.14.2009",Cibeber I,Leuwiliang,Bogor,Jawa Barat,-6.57589476,106.61932529,Asia/Jakarta,2025-07-18 11:41:52.585,2025-07-18 11:41:52.585
"32.01.14.2010",Cibeber II,Leuwiliang,Bogor,Jawa Barat,-6.60139954,106.61612595,Asia/Jakarta,2025-07-18 11:41:52.618,2025-07-18 11:41:52.618
"32.01.14.2011",Karehkel,Leuwiliang,Bogor,Jawa Barat,-6.54941742,106.63469743,Asia/Jakarta,2025-07-18 11:41:52.641,2025-07-18 11:41:52.641
"32.01.15.2001",Ciampea,Ciampea,Bogor,Jawa Barat,-6.54281679,106.68917403,Asia/Jakarta,2025-07-18 11:41:52.822,2025-07-18 11:41:52.822
"32.01.15.2002",Cinangka,Ciampea,Bogor,Jawa Barat,-6.59185516,106.70013812,Asia/Jakarta,2025-07-18 11:41:52.842,2025-07-18 11:41:52.842
"32.01.15.2003",Cihideungudik,Ciampea,Bogor,Jawa Barat,-6.58165047,106.71561830,Asia/Jakarta,2025-07-18 11:41:52.864,2025-07-18 11:41:52.864
"32.01.15.2004",Bojongjengkol,Ciampea,Bogor,Jawa Barat,-6.57479916,106.70976574,Asia/Jakarta,2025-07-18 11:41:52.895,2025-07-18 11:41:52.895
"32.01.15.2005",Tegalwaru,Ciampea,Bogor,Jawa Barat,-6.57290600,106.69860951,Asia/Jakarta,2025-07-18 11:41:52.924,2025-07-18 11:41:52.924
"32.01.15.2006",Cibuntu,Ciampea,Bogor,Jawa Barat,-6.59421410,106.68509387,Asia/Jakarta,2025-07-18 11:41:52.948,2025-07-18 11:41:52.948
"32.01.15.2007",Cicadas,Ciampea,Bogor,Jawa Barat,-6.57856306,106.68304994,Asia/Jakarta,2025-07-18 11:41:52.972,2025-07-18 11:41:52.972
"32.01.15.2008",Cibadak,Ciampea,Bogor,Jawa Barat,-6.55980766,106.68737008,Asia/Jakarta,2025-07-18 11:41:52.993,2025-07-18 11:41:52.993
"32.01.15.2009",Bojongrangkas,Ciampea,Bogor,Jawa Barat,-6.56012159,106.69507826,Asia/Jakarta,2025-07-18 11:41:53.019,2025-07-18 11:41:53.019
"32.01.15.2010",Cihideunghilir,Ciampea,Bogor,Jawa Barat,-6.57004667,106.72200937,Asia/Jakarta,2025-07-18 11:41:53.067,2025-07-18 11:41:53.067
"32.01.15.2011",Cibanteng,Ciampea,Bogor,Jawa Barat,-6.55662412,106.71125964,Asia/Jakarta,2025-07-18 11:41:53.093,2025-07-18 11:41:53.093
"32.01.15.2012",Benteng,Ciampea,Bogor,Jawa Barat,-6.54619596,106.70290280,Asia/Jakarta,2025-07-18 11:41:53.128,2025-07-18 11:41:53.128
"32.01.15.2013",Ciampea Udik,Ciampea,Bogor,Jawa Barat,-6.61193522,106.68299221,Asia/Jakarta,2025-07-18 11:41:53.151,2025-07-18 11:41:53.151
"32.01.16.2001",Situ Udik,Cibungbulang,Bogor,Jawa Barat,-6.61895634,106.65197243,Asia/Jakarta,2025-07-18 11:41:53.357,2025-07-18 11:41:53.357
"32.01.16.2002",Situ Ilir,Cibungbulang,Bogor,Jawa Barat,-6.60263238,106.65341812,Asia/Jakarta,2025-07-18 11:41:53.378,2025-07-18 11:41:53.378
"32.01.16.2003",Cemplang,Cibungbulang,Bogor,Jawa Barat,-6.57899883,106.64842027,Asia/Jakarta,2025-07-18 11:41:53.398,2025-07-18 11:41:53.398
"32.01.16.2004",Cibatok I,Cibungbulang,Bogor,Jawa Barat,-6.58162783,106.66588456,Asia/Jakarta,2025-07-18 11:41:53.429,2025-07-18 11:41:53.429
"32.01.16.2005",Ciaruteun Udik,Cibungbulang,Bogor,Jawa Barat,-6.60419139,106.67400207,Asia/Jakarta,2025-07-18 11:41:53.458,2025-07-18 11:41:53.458
"32.01.16.2006",Leuweungkolot,Cibungbulang,Bogor,Jawa Barat,-6.55920463,106.67475439,Asia/Jakarta,2025-07-18 11:41:53.483,2025-07-18 11:41:53.483
"32.01.16.2007",Cimanggu I,Cibungbulang,Bogor,Jawa Barat,-6.56216889,106.66555104,Asia/Jakarta,2025-07-18 11:41:53.507,2025-07-18 11:41:53.507
"32.01.16.2008",Cimanggu II,Cibungbulang,Bogor,Jawa Barat,-6.56959189,106.66173760,Asia/Jakarta,2025-07-18 11:41:53.527,2025-07-18 11:41:53.527
"32.01.16.2009",Dukuh,Cibungbulang,Bogor,Jawa Barat,-6.56567074,106.65290429,Asia/Jakarta,2025-07-18 11:41:53.552,2025-07-18 11:41:53.552
"32.01.16.2010",Cijujung,Cibungbulang,Bogor,Jawa Barat,-6.55090381,106.65388289,Asia/Jakarta,2025-07-18 11:41:53.574,2025-07-18 11:41:53.574
"32.01.16.2011",Ciaruteun Ilir,Cibungbulang,Bogor,Jawa Barat,-6.54032144,106.67529073,Asia/Jakarta,2025-07-18 11:41:53.600,2025-07-18 11:41:53.600
"32.01.16.2012",Cibatok II,Cibungbulang,Bogor,Jawa Barat,-6.59265584,106.66727442,Asia/Jakarta,2025-07-18 11:41:53.628,2025-07-18 11:41:53.628
"32.01.16.2013",Sukamaju,Cibungbulang,Bogor,Jawa Barat,-6.58880610,106.65331799,Asia/Jakarta,2025-07-18 11:41:53.651,2025-07-18 11:41:53.651
"32.01.16.2014",Galuga,Cibungbulang,Bogor,Jawa Barat,-6.56545970,106.64224130,Asia/Jakarta,2025-07-18 11:41:53.678,2025-07-18 11:41:53.678
"32.01.16.2015",Girimulya,Cibungbulang,Bogor,Jawa Barat,-6.57053257,106.67667536,Asia/Jakarta,2025-07-18 11:41:53.708,2025-07-18 11:41:53.708
"32.01.17.2014",Gunungsari,Pamijahan,Bogor,Jawa Barat,-6.69942185,106.68482617,Asia/Jakarta,2025-07-18 11:41:53.730,2025-07-18 11:41:53.730
"32.01.17.2015",Ciasmara,Pamijahan,Bogor,Jawa Barat,-6.70599214,106.66176981,Asia/Jakarta,2025-07-18 11:41:53.754,2025-07-18 11:41:53.754
"32.01.18.2001",Rumpin,Rumpin,Bogor,Jawa Barat,-6.44000365,106.64428307,Asia/Jakarta,2025-07-18 11:41:53.773,2025-07-18 11:41:53.773
"32.01.18.2002",Leuwibatu,Rumpin,Bogor,Jawa Barat,-6.52817078,106.61990825,Asia/Jakarta,2025-07-18 11:41:53.794,2025-07-18 11:41:53.794
"32.01.18.2003",Cidokom,Rumpin,Bogor,Jawa Barat,-6.51872004,106.67452544,Asia/Jakarta,2025-07-18 11:41:53.815,2025-07-18 11:41:53.815
"32.01.18.2004",Gobang,Rumpin,Bogor,Jawa Barat,-6.51436851,106.64794379,Asia/Jakarta,2025-07-18 11:41:53.834,2025-07-18 11:41:53.834
"32.01.18.2005",Cibodas,Rumpin,Bogor,Jawa Barat,-6.48945427,106.66263427,Asia/Jakarta,2025-07-18 11:41:53.854,2025-07-18 11:41:53.854
"32.01.18.2006",Rabak,Rumpin,Bogor,Jawa Barat,-6.48729599,106.62961626,Asia/Jakarta,2025-07-18 11:41:53.878,2025-07-18 11:41:53.878
"32.01.18.2007",Kampungsawah,Rumpin,Bogor,Jawa Barat,-6.45932648,106.63240070,Asia/Jakarta,2025-07-18 11:41:53.899,2025-07-18 11:41:53.899
"32.01.18.2008",Cipinang,Rumpin,Bogor,Jawa Barat,-6.44326324,106.61438888,Asia/Jakarta,2025-07-18 11:41:53.924,2025-07-18 11:41:53.924
"32.01.18.2009",Sukasari,Rumpin,Bogor,Jawa Barat,-6.41894568,106.62237842,Asia/Jakarta,2025-07-18 11:41:53.944,2025-07-18 11:41:53.944
"32.01.18.2010",Tamansari,Rumpin,Bogor,Jawa Barat,-6.39801086,106.62872053,Asia/Jakarta,2025-07-18 11:41:53.965,2025-07-18 11:41:53.965
"32.01.18.2011",Kertajaya,Rumpin,Bogor,Jawa Barat,-6.39634969,106.60274978,Asia/Jakarta,2025-07-18 11:41:53.986,2025-07-18 11:41:53.986
"32.01.18.2012",Sukamulya,Rumpin,Bogor,Jawa Barat,-6.37214003,106.63228616,Asia/Jakarta,2025-07-18 11:41:54.009,2025-07-18 11:41:54.009
"32.01.18.2013",Mekarsari,Rumpin,Bogor,Jawa Barat,-6.37597471,106.60353013,Asia/Jakarta,2025-07-18 11:41:54.037,2025-07-18 11:41:54.037
"32.01.18.2014",Mekarjaya,Rumpin,Bogor,Jawa Barat,-6.53132355,106.65967594,Asia/Jakarta,2025-07-18 11:41:54.063,2025-07-18 11:41:54.063
"32.01.19.2001",Curug,Jasinga,Bogor,Jawa Barat,-6.49732062,106.42528297,Asia/Jakarta,2025-07-18 11:41:54.421,2025-07-18 11:41:54.421
"32.01.19.2002",Pangradin,Jasinga,Bogor,Jawa Barat,-6.52498634,106.47887391,Asia/Jakarta,2025-07-18 11:41:54.448,2025-07-18 11:41:54.448
"32.01.19.2003",Kalongsawah,Jasinga,Bogor,Jawa Barat,-6.50327196,106.49456307,Asia/Jakarta,2025-07-18 11:41:54.475,2025-07-18 11:41:54.475
"32.01.19.2004",Sipak,Jasinga,Bogor,Jawa Barat,-6.48682180,106.48335865,Asia/Jakarta,2025-07-18 11:41:54.497,2025-07-18 11:41:54.497
"32.01.19.2005",Jasinga,Jasinga,Bogor,Jawa Barat,-6.48368362,106.45032114,Asia/Jakarta,2025-07-18 11:41:54.518,2025-07-18 11:41:54.518
"32.01.19.2006",Koleang,Jasinga,Bogor,Jawa Barat,-6.46531383,106.43842381,Asia/Jakarta,2025-07-18 11:41:54.537,2025-07-18 11:41:54.537
"32.01.19.2007",Cikopomayak,Jasinga,Bogor,Jawa Barat,-6.44921705,106.46511608,Asia/Jakarta,2025-07-18 11:41:54.564,2025-07-18 11:41:54.564
"32.01.19.2008",Setu,Jasinga,Bogor,Jawa Barat,-6.46738256,106.46876131,Asia/Jakarta,2025-07-18 11:41:54.585,2025-07-18 11:41:54.585
"32.01.03.2003",Leuwinutug,Citeureup,Bogor,Jawa Barat,-6.51375624,106.86172321,Asia/Jakarta,2025-07-18 11:42:01.393,2025-07-18 11:42:01.393
"32.01.03.2004",Tajur,Citeureup,Bogor,Jawa Barat,-6.53977106,106.92057295,Asia/Jakarta,2025-07-18 11:42:01.428,2025-07-18 11:42:01.428
"32.01.03.2005",Sanja,Citeureup,Bogor,Jawa Barat,-6.50390557,106.86752730,Asia/Jakarta,2025-07-18 11:42:01.452,2025-07-18 11:42:01.452
"32.01.03.1006",Puspanegara,Citeureup,Bogor,Jawa Barat,-6.47874819,106.88084217,Asia/Jakarta,2025-07-18 11:42:01.475,2025-07-18 11:42:01.475
"32.01.03.1007",Karang Asem Barat,Citeureup,Bogor,Jawa Barat,-6.49073152,106.86994002,Asia/Jakarta,2025-07-18 11:42:01.498,2025-07-18 11:42:01.498
"32.01.03.2008",Karang Asem Timur,Citeureup,Bogor,Jawa Barat,-6.49659002,106.87978368,Asia/Jakarta,2025-07-18 11:42:01.529,2025-07-18 11:42:01.529
"32.01.03.2009",Tarikolot,Citeureup,Bogor,Jawa Barat,-6.49860740,106.89022353,Asia/Jakarta,2025-07-18 11:42:01.549,2025-07-18 11:42:01.549
"32.01.03.2010",Gunungsari,Citeureup,Bogor,Jawa Barat,-6.49341919,106.90274055,Asia/Jakarta,2025-07-18 11:42:01.575,2025-07-18 11:42:01.575
"32.01.03.2011",Tangkil,Citeureup,Bogor,Jawa Barat,-6.53464179,106.87137693,Asia/Jakarta,2025-07-18 11:42:01.601,2025-07-18 11:42:01.601
"32.01.03.2012",Sukahati,Citeureup,Bogor,Jawa Barat,-6.51616560,106.88288313,Asia/Jakarta,2025-07-18 11:42:01.629,2025-07-18 11:42:01.629
"32.01.03.2013",Hambalang,Citeureup,Bogor,Jawa Barat,-6.54837255,106.89759917,Asia/Jakarta,2025-07-18 11:42:01.649,2025-07-18 11:42:01.649
"32.01.03.2014",Pasir Mukti,Citeureup,Bogor,Jawa Barat,-6.50885702,106.89843746,Asia/Jakarta,2025-07-18 11:42:01.669,2025-07-18 11:42:01.669
"32.01.04.2001",Gununggeulis,Sukaraja,Bogor,Jawa Barat,-6.63256955,106.88458726,Asia/Jakarta,2025-07-18 11:42:01.868,2025-07-18 11:42:01.868
"32.01.04.2002",Cilebut Timur,Sukaraja,Bogor,Jawa Barat,-6.52739116,106.80165089,Asia/Jakarta,2025-07-18 11:42:01.917,2025-07-18 11:42:01.917
"32.01.04.2003",Cilebut Barat,Sukaraja,Bogor,Jawa Barat,-6.52988115,106.79500589,Asia/Jakarta,2025-07-18 11:42:01.938,2025-07-18 11:42:01.938
"32.01.10.2001",Parung,Parung,Bogor,Jawa Barat,-6.42660864,106.73155033,Asia/Jakarta,2025-07-18 11:42:03.233,2025-07-18 11:42:03.233
"32.01.10.2002",Iwul,Parung,Bogor,Jawa Barat,-6.45681215,106.71519190,Asia/Jakarta,2025-07-18 11:42:03.253,2025-07-18 11:42:03.253
"32.01.10.2003",Bojongsempu,Parung,Bogor,Jawa Barat,-6.44505958,106.70507468,Asia/Jakarta,2025-07-18 11:42:03.278,2025-07-18 11:42:03.278
"32.01.10.2004",Waru,Parung,Bogor,Jawa Barat,-6.42029417,106.71991751,Asia/Jakarta,2025-07-18 11:42:03.302,2025-07-18 11:42:03.302
"32.01.10.2005",Cogreg,Parung,Bogor,Jawa Barat,-6.41997192,106.69082291,Asia/Jakarta,2025-07-18 11:42:03.328,2025-07-18 11:42:03.328
"32.01.10.2006",Pamegarsari,Parung,Bogor,Jawa Barat,-6.44047950,106.72780594,Asia/Jakarta,2025-07-18 11:42:03.347,2025-07-18 11:42:03.347
"32.01.10.2007",Warujaya,Parung,Bogor,Jawa Barat,-6.42633786,106.70954780,Asia/Jakarta,2025-07-18 11:42:03.371,2025-07-18 11:42:03.371
"32.01.10.2008",Bojongindah,Parung,Bogor,Jawa Barat,-6.43269284,106.70179142,Asia/Jakarta,2025-07-18 11:42:03.392,2025-07-18 11:42:03.392
"32.01.10.2009",Jabonmekar,Parung,Bogor,Jawa Barat,-6.45370779,106.72636580,Asia/Jakarta,2025-07-18 11:42:03.419,2025-07-18 11:42:03.419
"32.01.11.2001",Cidokom,Gunung Sindur,Bogor,Jawa Barat,-6.40523672,106.70691421,Asia/Jakarta,2025-07-18 11:42:03.591,2025-07-18 11:42:03.591
"32.01.11.2002",Padurenan,Gunung Sindur,Bogor,Jawa Barat,-6.39101881,106.70482577,Asia/Jakarta,2025-07-18 11:42:03.622,2025-07-18 11:42:03.622
"32.01.17.2001",Purwabakti,Pamijahan,Bogor,Jawa Barat,-6.72742901,106.63490313,Asia/Jakarta,2025-07-18 11:42:05.009,2025-07-18 11:42:05.009
"32.01.17.2002",Cibunian,Pamijahan,Bogor,Jawa Barat,-6.69645777,106.62614496,Asia/Jakarta,2025-07-18 11:42:05.037,2025-07-18 11:42:05.037
"32.01.17.2003",Cibitungwetan,Pamijahan,Bogor,Jawa Barat,-6.64921814,106.63861620,Asia/Jakarta,2025-07-18 11:42:05.060,2025-07-18 11:42:05.060
"32.01.17.2004",Gunungmenyan,Pamijahan,Bogor,Jawa Barat,-6.62829822,106.66736541,Asia/Jakarta,2025-07-18 11:42:05.083,2025-07-18 11:42:05.083
"32.01.17.2005",Gunungbunder II,Pamijahan,Bogor,Jawa Barat,-6.68838257,106.70119029,Asia/Jakarta,2025-07-18 11:42:05.109,2025-07-18 11:42:05.109
"32.01.17.2006",Pasarean,Pamijahan,Bogor,Jawa Barat,-6.63838340,106.66003068,Asia/Jakarta,2025-07-18 11:42:05.130,2025-07-18 11:42:05.130
"32.01.17.2007",Cimayang,Pamijahan,Bogor,Jawa Barat,-6.61010086,106.66625652,Asia/Jakarta,2025-07-18 11:42:05.157,2025-07-18 11:42:05.157
"32.01.17.2008",Pamijahan,Pamijahan,Bogor,Jawa Barat,-6.64420432,106.65034276,Asia/Jakarta,2025-07-18 11:42:05.179,2025-07-18 11:42:05.179
"32.01.17.2009",Cibening,Pamijahan,Bogor,Jawa Barat,-6.63204319,106.67689663,Asia/Jakarta,2025-07-18 11:42:05.202,2025-07-18 11:42:05.202
"32.01.17.2010",Gunungbunder I,Pamijahan,Bogor,Jawa Barat,-6.64836589,106.68165137,Asia/Jakarta,2025-07-18 11:42:05.223,2025-07-18 11:42:05.223
"32.01.17.2011",Cibitung Kulon,Pamijahan,Bogor,Jawa Barat,-6.66437455,106.64058061,Asia/Jakarta,2025-07-18 11:42:05.243,2025-07-18 11:42:05.243
"32.01.17.2012",Gunung Picung,Pamijahan,Bogor,Jawa Barat,-6.67826048,106.68165838,Asia/Jakarta,2025-07-18 11:42:05.271,2025-07-18 11:42:05.271
"32.01.17.2013",Ciasihan,Pamijahan,Bogor,Jawa Barat,-6.71287543,106.67616707,Asia/Jakarta,2025-07-18 11:42:05.297,2025-07-18 11:42:05.297
"32.04.06.2005",Cikadut,Cimenyan,Bandung,Jawa Barat,-6.88161718,107.67960513,Asia/Jakarta,2025-07-18 11:43:00.940,2025-07-18 11:43:00.940
"32.04.06.2006",Ciburial,Cimenyan,Bandung,Jawa Barat,-6.84957635,107.64959345,Asia/Jakarta,2025-07-18 11:43:01.041,2025-07-18 11:43:01.041
"32.04.06.2007",Sindanglaya,Cimenyan,Bandung,Jawa Barat,-6.88435772,107.68950596,Asia/Jakarta,2025-07-18 11:43:01.123,2025-07-18 11:43:01.123
"32.04.06.2008",Mekarsaluyu,Cimenyan,Bandung,Jawa Barat,-6.86142632,107.65027549,Asia/Jakarta,2025-07-18 11:43:01.196,2025-07-18 11:43:01.196
"32.04.06.2009",Mekarmanik,Cimenyan,Bandung,Jawa Barat,-6.85346788,107.69465311,Asia/Jakarta,2025-07-18 11:43:01.231,2025-07-18 11:43:01.231
"32.04.06.1001",Padasuka,Cimenyan,Bandung,Jawa Barat,-6.88717237,107.65557827,Asia/Jakarta,2025-07-18 11:43:01.271,2025-07-18 11:43:01.271
"32.04.06.1002",Cibeunying,Cimenyan,Bandung,Jawa Barat,-6.88055540,107.64192346,Asia/Jakarta,2025-07-18 11:43:01.317,2025-07-18 11:43:01.317
"32.04.06.2003",Cimenyan,Cimenyan,Bandung,Jawa Barat,-6.85869064,107.66931596,Asia/Jakarta,2025-07-18 11:43:01.351,2025-07-18 11:43:01.351
"32.04.06.2004",Mandalamekar,Cimenyan,Bandung,Jawa Barat,-6.87381197,107.67352140,Asia/Jakarta,2025-07-18 11:43:01.384,2025-07-18 11:43:01.384
"32.04.07.2001",Jatiendah,Cilengkrang,Bandung,Jawa Barat,-6.90115419,107.69828687,Asia/Jakarta,2025-07-18 11:43:01.493,2025-07-18 11:43:01.493
"32.04.07.2002",Cilengkrang,Cilengkrang,Bandung,Jawa Barat,-6.89070986,107.73384401,Asia/Jakarta,2025-07-18 11:43:01.533,2025-07-18 11:43:01.533
"32.04.07.2003",Cipanjalu,Cilengkrang,Bandung,Jawa Barat,-6.84980684,107.72836023,Asia/Jakarta,2025-07-18 11:43:01.568,2025-07-18 11:43:01.568
"32.04.07.2004",Melatiwangi,Cilengkrang,Bandung,Jawa Barat,-6.88199013,107.70636816,Asia/Jakarta,2025-07-18 11:43:01.611,2025-07-18 11:43:01.611
"32.04.07.2005",Ciporeat,Cilengkrang,Bandung,Jawa Barat,-6.87838913,107.72757342,Asia/Jakarta,2025-07-18 11:43:01.648,2025-07-18 11:43:01.648
"32.04.07.2006",Girimekar,Cilengkrang,Bandung,Jawa Barat,-6.87125524,107.70453036,Asia/Jakarta,2025-07-18 11:43:01.694,2025-07-18 11:43:01.694
"32.04.08.2001",Lengkong,Bojongsoang,Bandung,Jawa Barat,-6.98027110,107.65155225,Asia/Jakarta,2025-07-18 11:43:01.819,2025-07-18 11:43:01.819
"32.04.08.2002",Bojongsoang,Bojongsoang,Bandung,Jawa Barat,-6.98809026,107.64293454,Asia/Jakarta,2025-07-18 11:43:01.898,2025-07-18 11:43:01.898
"32.04.08.2003",Buahbatu,Bojongsoang,Bandung,Jawa Barat,-6.98086271,107.67041278,Asia/Jakarta,2025-07-18 11:43:01.931,2025-07-18 11:43:01.931
"32.04.08.2004",Cipagalo,Bojongsoang,Bandung,Jawa Barat,-6.97039591,107.65279896,Asia/Jakarta,2025-07-18 11:43:01.999,2025-07-18 11:43:01.999
"32.04.08.2005",Bojongsari,Bojongsoang,Bandung,Jawa Barat,-6.99991003,107.65162115,Asia/Jakarta,2025-07-18 11:43:02.080,2025-07-18 11:43:02.080
"32.04.08.2006",Tegalluar,Bojongsoang,Bandung,Jawa Barat,-6.97965259,107.68993033,Asia/Jakarta,2025-07-18 11:43:02.116,2025-07-18 11:43:02.116
"32.04.09.2001",Margahayu Tengah,Margahayu,Bandung,Jawa Barat,-6.96034567,107.57176217,Asia/Jakarta,2025-07-18 11:43:02.247,2025-07-18 11:43:02.247
"32.04.09.2002",Margahayu Selatan,Margahayu,Bandung,Jawa Barat,-6.97082025,107.56640762,Asia/Jakarta,2025-07-18 11:43:02.282,2025-07-18 11:43:02.282
"32.04.09.2003",Sukamenak,Margahayu,Bandung,Jawa Barat,-6.97138341,107.58421513,Asia/Jakarta,2025-07-18 11:43:02.328,2025-07-18 11:43:02.328
"32.04.09.1004",Sulaiman,Margahayu,Bandung,Jawa Barat,-6.98521306,107.57358910,Asia/Jakarta,2025-07-18 11:43:02.370,2025-07-18 11:43:02.370
"32.04.09.2005",Sayati,Margahayu,Bandung,Jawa Barat,-6.97136887,107.57587817,Asia/Jakarta,2025-07-18 11:43:02.414,2025-07-18 11:43:02.414
"32.04.10.2001",Margaasih,Margaasih,Bandung,Jawa Barat,-6.93913507,107.54623849,Asia/Jakarta,2025-07-18 11:43:02.521,2025-07-18 11:43:02.521
"32.04.10.2002",Lagadar,Margaasih,Bandung,Jawa Barat,-6.92769471,107.53281648,Asia/Jakarta,2025-07-18 11:43:02.571,2025-07-18 11:43:02.571
"32.04.10.2003",Nanjung,Margaasih,Bandung,Jawa Barat,-6.95395303,107.53834329,Asia/Jakarta,2025-07-18 11:43:02.616,2025-07-18 11:43:02.616
"32.04.10.2004",Mekarrahayu,Margaasih,Bandung,Jawa Barat,-6.97119810,107.55207090,Asia/Jakarta,2025-07-18 11:43:02.647,2025-07-18 11:43:02.647
"32.04.10.2005",Rahayu,Margaasih,Bandung,Jawa Barat,-6.95812010,107.55647438,Asia/Jakarta,2025-07-18 11:43:02.693,2025-07-18 11:43:02.693
"32.04.10.2006",Cigondewah Hilir,Margaasih,Bandung,Jawa Barat,-6.95203382,107.55117359,Asia/Jakarta,2025-07-18 11:43:02.729,2025-07-18 11:43:02.729
"32.04.11.2001",Sangkanhurip,Katapang,Bandung,Jawa Barat,-6.99856487,107.56692697,Asia/Jakarta,2025-07-18 11:43:02.863,2025-07-18 11:43:02.863
"32.04.11.2002",Katapang,Katapang,Bandung,Jawa Barat,-7.00504864,107.54638020,Asia/Jakarta,2025-07-18 11:43:02.913,2025-07-18 11:43:02.913
"32.04.11.2004",Gandasari,Katapang,Bandung,Jawa Barat,-7.02476175,107.55076301,Asia/Jakarta,2025-07-18 11:43:02.982,2025-07-18 11:43:02.982
"32.04.11.2006",Sukamukti,Katapang,Bandung,Jawa Barat,-7.00256018,107.58028762,Asia/Jakarta,2025-07-18 11:43:03.037,2025-07-18 11:43:03.037
"32.04.11.2007",Cilampeni,Katapang,Bandung,Jawa Barat,-6.98931635,107.55198417,Asia/Jakarta,2025-07-18 11:43:03.079,2025-07-18 11:43:03.079
"32.04.11.2008",Pangauban,Katapang,Bandung,Jawa Barat,-7.00251072,107.55559196,Asia/Jakarta,2025-07-18 11:43:03.120,2025-07-18 11:43:03.120
"32.04.11.2009",Banyusari,Katapang,Bandung,Jawa Barat,-7.01775045,107.55887376,Asia/Jakarta,2025-07-18 11:43:03.164,2025-07-18 11:43:03.164
"32.04.12.1001",Pasawahan,Dayeuhkolot,Bandung,Jawa Barat,-6.96873592,107.61457101,Asia/Jakarta,2025-07-18 11:43:03.285,2025-07-18 11:43:03.285
"32.04.12.2002",Dayeuhkolot,Dayeuhkolot,Bandung,Jawa Barat,-6.98477418,107.62195351,Asia/Jakarta,2025-07-18 11:43:03.330,2025-07-18 11:43:03.330
"32.04.12.2003",Cangkuang Wetan,Dayeuhkolot,Bandung,Jawa Barat,-6.97101907,107.60461966,Asia/Jakarta,2025-07-18 11:43:03.402,2025-07-18 11:43:03.402
"32.04.12.2004",Cangkuang Kulon,Dayeuhkolot,Bandung,Jawa Barat,-6.97048702,107.59408080,Asia/Jakarta,2025-07-18 11:43:03.440,2025-07-18 11:43:03.440
"32.04.12.2005",Sukapura,Dayeuhkolot,Bandung,Jawa Barat,-6.96877208,107.62833013,Asia/Jakarta,2025-07-18 11:43:03.565,2025-07-18 11:43:03.565
"32.04.12.2006",Citeureup,Dayeuhkolot,Bandung,Jawa Barat,-6.97969428,107.62597939,Asia/Jakarta,2025-07-18 11:43:03.595,2025-07-18 11:43:03.595
"32.04.13.2001",Kamasan,Banjaran,Bandung,Jawa Barat,-7.04782271,107.57827047,Asia/Jakarta,2025-07-18 11:43:03.715,2025-07-18 11:43:03.715
"32.04.13.2002",Banjaran Wetan,Banjaran,Bandung,Jawa Barat,-7.08209003,107.61115038,Asia/Jakarta,2025-07-18 11:43:03.754,2025-07-18 11:43:03.754
"32.04.13.2003",Banjaran,Banjaran,Bandung,Jawa Barat,-7.04720310,107.58867204,Asia/Jakarta,2025-07-18 11:43:03.799,2025-07-18 11:43:03.799
"32.04.13.2005",Ciapus,Banjaran,Bandung,Jawa Barat,-7.06717798,107.59184553,Asia/Jakarta,2025-07-18 11:43:03.834,2025-07-18 11:43:03.834
"32.04.13.2006",Sindangpanon,Banjaran,Bandung,Jawa Barat,-7.06318280,107.58161535,Asia/Jakarta,2025-07-18 11:43:03.877,2025-07-18 11:43:03.877
"32.04.13.2007",Kiangroke,Banjaran,Bandung,Jawa Barat,-7.05048433,107.56747447,Asia/Jakarta,2025-07-18 11:43:03.909,2025-07-18 11:43:03.909
"32.04.13.2008",Tarajusari,Banjaran,Bandung,Jawa Barat,-7.03692111,107.58439799,Asia/Jakarta,2025-07-18 11:43:03.966,2025-07-18 11:43:03.966
"32.04.13.2012",Mekarjaya,Banjaran,Bandung,Jawa Barat,-7.09038718,107.60149403,Asia/Jakarta,2025-07-18 11:43:03.996,2025-07-18 11:43:03.996
"32.04.13.2013",Margahurip,Banjaran,Bandung,Jawa Barat,-7.06117141,107.56192257,Asia/Jakarta,2025-07-18 11:43:04.045,2025-07-18 11:43:04.045
"32.04.13.2016",Neglasari,Banjaran,Bandung,Jawa Barat,-7.06353390,107.57231728,Asia/Jakarta,2025-07-18 11:43:04.076,2025-07-18 11:43:04.076
"32.04.13.2018",Pasirmulya,Banjaran,Bandung,Jawa Barat,-7.10043547,107.60076018,Asia/Jakarta,2025-07-18 11:43:04.119,2025-07-18 11:43:04.119
"32.04.14.2001",Sukasari,Pameungpeuk,Bandung,Jawa Barat,-7.02294163,107.59155593,Asia/Jakarta,2025-07-18 11:43:04.302,2025-07-18 11:43:04.302
"32.04.14.2002",Bojongmanggu,Pameungpeuk,Bandung,Jawa Barat,-7.02822862,107.60263998,Asia/Jakarta,2025-07-18 11:43:04.353,2025-07-18 11:43:04.353
"32.04.14.2003",Rancatungku,Pameungpeuk,Bandung,Jawa Barat,-7.02275070,107.57871643,Asia/Jakarta,2025-07-18 11:43:04.387,2025-07-18 11:43:04.387
"32.04.14.2004",Bojongkunci,Pameungpeuk,Bandung,Jawa Barat,-7.01899960,107.56805176,Asia/Jakarta,2025-07-18 11:43:04.427,2025-07-18 11:43:04.427
"32.04.14.2005",Rancamulya,Pameungpeuk,Bandung,Jawa Barat,-7.00921755,107.59240721,Asia/Jakarta,2025-07-18 11:43:04.477,2025-07-18 11:43:04.477
"32.04.14.2006",Langonsari,Pameungpeuk,Bandung,Jawa Barat,-7.02048241,107.60764122,Asia/Jakarta,2025-07-18 11:43:04.522,2025-07-18 11:43:04.522
"32.04.16.2005",Baros,Arjasari,Bandung,Jawa Barat,-7.06577226,107.63017401,Asia/Jakarta,2025-07-18 11:43:04.625,2025-07-18 11:43:04.625
"32.04.16.2006",Mangunjaya,Arjasari,Bandung,Jawa Barat,-7.08172167,107.61951841,Asia/Jakarta,2025-07-18 11:43:04.819,2025-07-18 11:43:04.819
"32.04.16.2007",Mekarjaya,Arjasari,Bandung,Jawa Barat,-7.08303590,107.63094962,Asia/Jakarta,2025-07-18 11:43:04.869,2025-07-18 11:43:04.869
"32.04.16.2008",Pinggirsari,Arjasari,Bandung,Jawa Barat,-7.08162532,107.65182237,Asia/Jakarta,2025-07-18 11:43:04.917,2025-07-18 11:43:04.917
"32.04.16.2009",Patrolsari,Arjasari,Bandung,Jawa Barat,-7.05598062,107.66980583,Asia/Jakarta,2025-07-18 11:43:04.962,2025-07-18 11:43:04.962
"32.04.16.2010",Rancakole,Arjasari,Bandung,Jawa Barat,-7.07127149,107.67780678,Asia/Jakarta,2025-07-18 11:43:05.011,2025-07-18 11:43:05.011
"32.04.16.2011",Wargaluyu,Arjasari,Bandung,Jawa Barat,-7.03553934,107.62356190,Asia/Jakarta,2025-07-18 11:43:05.055,2025-07-18 11:43:05.055
"32.04.16.2001",Arjasari,Arjasari,Bandung,Jawa Barat,-7.06090343,107.64205124,Asia/Jakarta,2025-07-18 11:43:05.106,2025-07-18 11:43:05.106
"32.04.16.2002",Lebakwangi,Arjasari,Bandung,Jawa Barat,-7.04234392,107.60859879,Asia/Jakarta,2025-07-18 11:43:05.148,2025-07-18 11:43:05.148
"32.04.16.2003",Batukarut,Arjasari,Bandung,Jawa Barat,-7.04630154,107.60064001,Asia/Jakarta,2025-07-18 11:43:05.193,2025-07-18 11:43:05.193
"32.04.16.2004",Ancolmekar,Arjasari,Bandung,Jawa Barat,-7.09072150,107.66796856,Asia/Jakarta,2025-07-18 11:43:05.244,2025-07-18 11:43:05.244
"32.04.17.2001",Cimaung,Cimaung,Bandung,Jawa Barat,-7.09186061,107.56359038,Asia/Jakarta,2025-07-18 11:43:05.382,2025-07-18 11:43:05.382
"32.04.17.2002",Jagabaya,Cimaung,Bandung,Jawa Barat,-7.07733516,107.56349522,Asia/Jakarta,2025-07-18 11:43:05.416,2025-07-18 11:43:05.416
"32.04.17.2003",Pasirhuni,Cimaung,Bandung,Jawa Barat,-7.09109184,107.57671875,Asia/Jakarta,2025-07-18 11:43:05.449,2025-07-18 11:43:05.449
"32.04.17.2004",Campakamulya,Cimaung,Bandung,Jawa Barat,-7.11736520,107.60630000,Asia/Jakarta,2025-07-18 11:43:05.501,2025-07-18 11:43:05.501
"32.04.17.2005",Cipinang,Cimaung,Bandung,Jawa Barat,-7.10193648,107.56038893,Asia/Jakarta,2025-07-18 11:43:05.541,2025-07-18 11:43:05.541
"32.04.17.2006",Mekarsari,Cimaung,Bandung,Jawa Barat,-7.12505987,107.59289632,Asia/Jakarta,2025-07-18 11:43:05.579,2025-07-18 11:43:05.579
"32.04.17.2007",Sukamaju,Cimaung,Bandung,Jawa Barat,-7.10767282,107.53292198,Asia/Jakarta,2025-07-18 11:43:05.636,2025-07-18 11:43:05.636
"32.04.17.2008",Cikalong,Cimaung,Bandung,Jawa Barat,-7.11946337,107.55776308,Asia/Jakarta,2025-07-18 11:43:05.673,2025-07-18 11:43:05.673
"32.04.17.2009",Malasari,Cimaung,Bandung,Jawa Barat,-7.08752866,107.53895713,Asia/Jakarta,2025-07-18 11:43:05.712,2025-07-18 11:43:05.712
"32.04.17.2010",Warjabakti,Cimaung,Bandung,Jawa Barat,-7.13846380,107.58961179,Asia/Jakarta,2025-07-18 11:43:05.751,2025-07-18 11:43:05.751
"32.04.25.2001",Cicalengka Kulon,Cicalengka,Bandung,Jawa Barat,-6.98676713,107.83956612,Asia/Jakarta,2025-07-18 11:43:05.931,2025-07-18 11:43:05.931
"32.04.25.2002",Cicalengka Wetan,Cicalengka,Bandung,Jawa Barat,-6.99136016,107.84702401,Asia/Jakarta,2025-07-18 11:43:05.973,2025-07-18 11:43:05.973
"32.04.25.2003",Babakan Peuteuy,Cicalengka,Bandung,Jawa Barat,-6.98641551,107.85926817,Asia/Jakarta,2025-07-18 11:43:06.017,2025-07-18 11:43:06.017
"32.04.25.2004",Cikuya,Cicalengka,Bandung,Jawa Barat,-6.98285383,107.82338254,Asia/Jakarta,2025-07-18 11:43:06.063,2025-07-18 11:43:06.063
"32.04.25.2005",Dampit,Cicalengka,Bandung,Jawa Barat,-6.97504058,107.86278950,Asia/Jakarta,2025-07-18 11:43:06.106,2025-07-18 11:43:06.106
"32.04.25.2006",Margaasih,Cicalengka,Bandung,Jawa Barat,-7.01029483,107.84628424,Asia/Jakarta,2025-07-18 11:43:06.140,2025-07-18 11:43:06.140
"32.04.25.2007",Narawita,Cicalengka,Bandung,Jawa Barat,-7.02272578,107.85251873,Asia/Jakarta,2025-07-18 11:43:06.187,2025-07-18 11:43:06.187
"32.04.25.2008",Panenjoan,Cicalengka,Bandung,Jawa Barat,-6.97374864,107.82335700,Asia/Jakarta,2025-07-18 11:43:06.224,2025-07-18 11:43:06.224
"32.04.25.2009",Tanjungwangi,Cicalengka,Bandung,Jawa Barat,-6.96733416,107.89329336,Asia/Jakarta,2025-07-18 11:43:06.266,2025-07-18 11:43:06.266
"32.04.25.2010",Tenjolaya,Cicalengka,Bandung,Jawa Barat,-6.97754721,107.84047632,Asia/Jakarta,2025-07-18 11:43:06.302,2025-07-18 11:43:06.302
"32.04.25.2011",Waluya,Cicalengka,Bandung,Jawa Barat,-6.99510033,107.83900036,Asia/Jakarta,2025-07-18 11:43:06.346,2025-07-18 11:43:06.346
"32.04.25.2012",Nagrog,Cicalengka,Bandung,Jawa Barat,-6.99906287,107.86834923,Asia/Jakarta,2025-07-18 11:43:06.391,2025-07-18 11:43:06.391
"32.04.26.2001",Nagreg,Nagreg,Bandung,Jawa Barat,-7.02525122,107.88671509,Asia/Jakarta,2025-07-18 11:43:06.638,2025-07-18 11:43:06.638
"32.04.26.2002",Bojong,Nagreg,Bandung,Jawa Barat,-7.03970571,107.87521947,Asia/Jakarta,2025-07-18 11:43:06.698,2025-07-18 11:43:06.698
"32.04.26.2003",Ciaro,Nagreg,Bandung,Jawa Barat,-7.04344639,107.92248164,Asia/Jakarta,2025-07-18 11:43:06.777,2025-07-18 11:43:06.777
"32.04.26.2004",Ciherang,Nagreg,Bandung,Jawa Barat,-7.03845471,107.90077954,Asia/Jakarta,2025-07-18 11:43:06.819,2025-07-18 11:43:06.819
"32.04.26.2005",Citaman,Nagreg,Bandung,Jawa Barat,-7.00469104,107.88430679,Asia/Jakarta,2025-07-18 11:43:06.873,2025-07-18 11:43:06.873
"32.04.26.2006",Mandalawangi,Nagreg,Bandung,Jawa Barat,-7.03367325,107.86069674,Asia/Jakarta,2025-07-18 11:43:06.930,2025-07-18 11:43:06.930
"32.04.26.2007",Nagreg Kendan,Nagreg,Bandung,Jawa Barat,-7.00349099,107.89787037,Asia/Jakarta,2025-07-18 11:43:07.406,2025-07-18 11:43:07.406
"32.04.26.2008",Ganjar Sabar,Nagreg,Bandung,Jawa Barat,-7.01723192,107.87488944,Asia/Jakarta,2025-07-18 11:43:07.607,2025-07-18 11:43:07.607
"32.04.27.2001",Mandalasari,Cikancung,Bandung,Jawa Barat,-7.03425292,107.84036462,Asia/Jakarta,2025-07-18 11:43:07.756,2025-07-18 11:43:07.756
"32.04.27.2002",Cikancung,Cikancung,Bandung,Jawa Barat,-7.02810359,107.83101524,Asia/Jakarta,2025-07-18 11:43:07.791,2025-07-18 11:43:07.791
"32.04.27.2003",Cikasungka,Cikancung,Bandung,Jawa Barat,-7.00475750,107.81884075,Asia/Jakarta,2025-07-18 11:43:07.861,2025-07-18 11:43:07.861
"32.04.27.2004",Cihanyir,Cikancung,Bandung,Jawa Barat,-7.02663163,107.81919391,Asia/Jakarta,2025-07-18 11:43:07.897,2025-07-18 11:43:07.897
"32.04.27.2005",Ciluluk,Cikancung,Bandung,Jawa Barat,-7.03420665,107.81320444,Asia/Jakarta,2025-07-18 11:43:07.931,2025-07-18 11:43:07.931
"32.04.27.2006",Hegarmanah,Cikancung,Bandung,Jawa Barat,-7.00214318,107.83181981,Asia/Jakarta,2025-07-18 11:43:07.977,2025-07-18 11:43:07.977
"32.04.27.2007",Mekarlaksana,Cikancung,Bandung,Jawa Barat,-7.05393511,107.83339478,Asia/Jakarta,2025-07-18 11:43:08.044,2025-07-18 11:43:08.044
"32.04.27.2008",Tanjunglaya,Cikancung,Bandung,Jawa Barat,-6.99853195,107.81047223,Asia/Jakarta,2025-07-18 11:43:08.099,2025-07-18 11:43:08.099
"32.04.27.2009",Srirahayu,Cikancung,Bandung,Jawa Barat,-7.04567301,107.81289927,Asia/Jakarta,2025-07-18 11:43:08.152,2025-07-18 11:43:08.152
"32.04.28.2011",Tegal Sumedang,Rancaekek,Bandung,Jawa Barat,-6.97712075,107.72262419,Asia/Jakarta,2025-07-18 11:43:08.214,2025-07-18 11:43:08.214
"32.04.28.2012",Sangiang,Rancaekek,Bandung,Jawa Barat,-7.00144985,107.79280037,Asia/Jakarta,2025-07-18 11:43:08.382,2025-07-18 11:43:08.382
"32.04.28.2013",Nanjung Mekar,Rancaekek,Bandung,Jawa Barat,-6.97050482,107.81370294,Asia/Jakarta,2025-07-18 11:43:08.429,2025-07-18 11:43:08.429
"32.04.28.1014",Rancaekek Kencana,Rancaekek,Bandung,Jawa Barat,-6.97350617,107.75728536,Asia/Jakarta,2025-07-18 11:43:08.519,2025-07-18 11:43:08.519
"32.04.29.2001",Ciparay,Ciparay,Bandung,Jawa Barat,-7.02537140,107.72006894,Asia/Jakarta,2025-07-18 11:43:08.569,2025-07-18 11:43:08.569
"32.04.29.2002",Gunungleutik,Ciparay,Bandung,Jawa Barat,-7.03683938,107.70400456,Asia/Jakarta,2025-07-18 11:43:08.611,2025-07-18 11:43:08.611
"32.04.29.2003",Mekarsari,Ciparay,Bandung,Jawa Barat,-7.03192791,107.73571767,Asia/Jakarta,2025-07-18 11:43:08.648,2025-07-18 11:43:08.648
"32.04.29.2004",Cikoneng,Ciparay,Bandung,Jawa Barat,-7.07681214,107.70823523,Asia/Jakarta,2025-07-18 11:43:08.689,2025-07-18 11:43:08.689
"32.04.29.2005",Ciheulang,Ciparay,Bandung,Jawa Barat,-7.02597676,107.68418251,Asia/Jakarta,2025-07-18 11:43:08.722,2025-07-18 11:43:08.722
"32.04.29.2006",Pakutandang,Ciparay,Bandung,Jawa Barat,-7.04813998,107.70921799,Asia/Jakarta,2025-07-18 11:43:08.769,2025-07-18 11:43:08.769
"32.04.29.2007",Sumbersari,Ciparay,Bandung,Jawa Barat,-7.00245730,107.70373638,Asia/Jakarta,2025-07-18 11:43:09.102,2025-07-18 11:43:09.102
"32.04.29.2008",Manggungharja,Ciparay,Bandung,Jawa Barat,-7.04258253,107.71962696,Asia/Jakarta,2025-07-18 11:43:09.155,2025-07-18 11:43:09.155
"32.04.29.2009",Sagaracipta,Ciparay,Bandung,Jawa Barat,-7.06685944,107.71384954,Asia/Jakarta,2025-07-18 11:43:09.195,2025-07-18 11:43:09.195
"32.04.29.2010",Sarimahi,Ciparay,Bandung,Jawa Barat,-7.02073380,107.70669596,Asia/Jakarta,2025-07-18 11:43:09.233,2025-07-18 11:43:09.233
"32.04.29.2011",Serangmekar,Ciparay,Bandung,Jawa Barat,-7.02052760,107.69816806,Asia/Jakarta,2025-07-18 11:43:09.597,2025-07-18 11:43:09.597
"32.04.29.2012",Babakan,Ciparay,Bandung,Jawa Barat,-7.10123823,107.66800030,Asia/Jakarta,2025-07-18 11:43:09.675,2025-07-18 11:43:09.675
"32.04.29.2013",Bumiwangi,Ciparay,Bandung,Jawa Barat,-7.03934290,107.69426990,Asia/Jakarta,2025-07-18 11:43:09.901,2025-07-18 11:43:09.901
"32.04.29.2014",Mekarlaksana,Ciparay,Bandung,Jawa Barat,-7.06467905,107.69547434,Asia/Jakarta,2025-07-18 11:43:10.220,2025-07-18 11:43:10.220
"32.04.30.2001",Cipeujeuh,Pacet,Bandung,Jawa Barat,-7.09239789,107.71095826,Asia/Jakarta,2025-07-18 11:43:10.933,2025-07-18 11:43:10.933
"32.04.30.2002",Cikitu,Pacet,Bandung,Jawa Barat,-7.13831853,107.69243852,Asia/Jakarta,2025-07-18 11:43:10.975,2025-07-18 11:43:10.975
"32.04.30.2003",Cinanggela,Pacet,Bandung,Jawa Barat,-7.13295961,107.66115193,Asia/Jakarta,2025-07-18 11:43:11.009,2025-07-18 11:43:11.009
"32.04.30.2004",Maruyung,Pacet,Bandung,Jawa Barat,-7.10809111,107.70346139,Asia/Jakarta,2025-07-18 11:43:11.052,2025-07-18 11:43:11.052
"32.04.30.2005",Sukarame,Pacet,Bandung,Jawa Barat,-7.15685895,107.71994066,Asia/Jakarta,2025-07-18 11:43:11.085,2025-07-18 11:43:11.085
"32.04.30.2006",Nagrak,Pacet,Bandung,Jawa Barat,-7.11556168,107.72790545,Asia/Jakarta,2025-07-18 11:43:11.118,2025-07-18 11:43:11.118
"32.04.30.2007",Cikawao,Pacet,Bandung,Jawa Barat,-7.12578007,107.73858181,Asia/Jakarta,2025-07-18 11:43:11.159,2025-07-18 11:43:11.159
"32.04.30.2008",Mekarjaya,Pacet,Bandung,Jawa Barat,-7.11662124,107.67172092,Asia/Jakarta,2025-07-18 11:43:11.191,2025-07-18 11:43:11.191
"32.04.30.2009",Pangauban,Pacet,Bandung,Jawa Barat,-7.14043174,107.67040612,Asia/Jakarta,2025-07-18 11:43:11.227,2025-07-18 11:43:11.227
"32.04.30.2010",Mandalahaji,Pacet,Bandung,Jawa Barat,-7.11316840,107.71497554,Asia/Jakarta,2025-07-18 11:43:11.266,2025-07-18 11:43:11.266
"32.04.30.2011",Girimulya,Pacet,Bandung,Jawa Barat,-7.16224325,107.66761641,Asia/Jakarta,2025-07-18 11:43:11.318,2025-07-18 11:43:11.318
"32.04.30.2012",Tanjungwangi,Pacet,Bandung,Jawa Barat,-7.08541305,107.72116275,Asia/Jakarta,2025-07-18 11:43:11.360,2025-07-18 11:43:11.360
"32.04.30.2013",Mekarsari,Pacet,Bandung,Jawa Barat,-7.09789659,107.69006456,Asia/Jakarta,2025-07-18 11:43:11.394,2025-07-18 11:43:11.394
"32.04.31.2001",Sukapura,Kertasari,Bandung,Jawa Barat,-7.16784312,107.69092167,Asia/Jakarta,2025-07-18 11:43:11.605,2025-07-18 11:43:11.605
"32.04.31.2002",Cibeureum,Kertasari,Bandung,Jawa Barat,-7.18755902,107.66809577,Asia/Jakarta,2025-07-18 11:43:11.659,2025-07-18 11:43:11.659
"32.04.31.2003",Santosa,Kertasari,Bandung,Jawa Barat,-7.27072812,107.63833807,Asia/Jakarta,2025-07-18 11:43:11.705,2025-07-18 11:43:11.705
"32.04.31.2004",Tarumajaya,Kertasari,Bandung,Jawa Barat,-7.23061188,107.66496481,Asia/Jakarta,2025-07-18 11:43:11.737,2025-07-18 11:43:11.737
"32.04.31.2005",Neglawangi,Kertasari,Bandung,Jawa Barat,-7.27368028,107.69498958,Asia/Jakarta,2025-07-18 11:43:11.797,2025-07-18 11:43:11.797
"32.04.31.2006",Cihawuk,Kertasari,Bandung,Jawa Barat,-7.19492919,107.70794676,Asia/Jakarta,2025-07-18 11:43:11.836,2025-07-18 11:43:11.836
"32.04.31.2007",Cikembang,Kertasari,Bandung,Jawa Barat,-7.21319243,107.68908218,Asia/Jakarta,2025-07-18 11:43:11.873,2025-07-18 11:43:11.873
"32.04.31.2008",Resmi Tingal,Kertasari,Bandung,Jawa Barat,-7.15237462,107.69525208,Asia/Jakarta,2025-07-18 11:43:12.546,2025-07-18 11:43:12.546
"32.04.32.1001",Baleendah,Baleendah,Bandung,Jawa Barat,-7.01021533,107.62696275,Asia/Jakarta,2025-07-18 11:43:12.692,2025-07-18 11:43:12.692
"32.04.32.1002",Andir,Baleendah,Bandung,Jawa Barat,-6.99684638,107.61582745,Asia/Jakarta,2025-07-18 11:43:12.733,2025-07-18 11:43:12.733
"32.04.32.1003",Manggahang,Baleendah,Bandung,Jawa Barat,-7.01956732,107.64562044,Asia/Jakarta,2025-07-18 11:43:12.781,2025-07-18 11:43:12.781
"32.04.32.1004",Jelekong,Baleendah,Bandung,Jawa Barat,-7.02547287,107.66078972,Asia/Jakarta,2025-07-18 11:43:12.825,2025-07-18 11:43:12.825
"32.04.32.2005",Bojongmalaka,Baleendah,Bandung,Jawa Barat,-6.99298077,107.60820797,Asia/Jakarta,2025-07-18 11:43:12.860,2025-07-18 11:43:12.860
"32.04.32.2006",Rancamanyar,Baleendah,Bandung,Jawa Barat,-6.99041888,107.59487042,Asia/Jakarta,2025-07-18 11:43:12.905,2025-07-18 11:43:12.905
"32.04.32.2007",Malakasari,Baleendah,Bandung,Jawa Barat,-7.00984812,107.60485985,Asia/Jakarta,2025-07-18 11:43:12.965,2025-07-18 11:43:12.965
"32.04.32.1008",Wargamekar,Baleendah,Bandung,Jawa Barat,-7.02208195,107.67497221,Asia/Jakarta,2025-07-18 11:43:13.004,2025-07-18 11:43:13.004
"32.04.34.2002",Solokanjeruk,Solokanjeruk,Bandung,Jawa Barat,-7.00847117,107.74434610,Asia/Jakarta,2025-07-18 11:43:13.117,2025-07-18 11:43:13.117
"32.04.34.2003",Cibodas,Solokanjeruk,Bandung,Jawa Barat,-7.01143946,107.76271639,Asia/Jakarta,2025-07-18 11:43:13.165,2025-07-18 11:43:13.165
"32.04.34.2004",Panyadap,Solokanjeruk,Bandung,Jawa Barat,-7.02594016,107.77271238,Asia/Jakarta,2025-07-18 11:43:13.203,2025-07-18 11:43:13.203
"32.04.34.2005",Bojongemas,Solokanjeruk,Bandung,Jawa Barat,-6.99816380,107.72224919,Asia/Jakarta,2025-07-18 11:43:13.242,2025-07-18 11:43:13.242
"32.04.34.2006",Padamukti,Solokanjeruk,Bandung,Jawa Barat,-7.01183854,107.77194748,Asia/Jakarta,2025-07-18 11:43:13.294,2025-07-18 11:43:13.294
"32.04.34.2007",Langensari,Solokanjeruk,Bandung,Jawa Barat,-7.00817276,107.75491044,Asia/Jakarta,2025-07-18 11:43:13.340,2025-07-18 11:43:13.340
"32.04.35.2001",Cigentur,Paseh,Bandung,Jawa Barat,-7.01910697,107.79470751,Asia/Jakarta,2025-07-18 11:43:13.387,2025-07-18 11:43:13.387
"32.04.35.2002",Cipedes,Paseh,Bandung,Jawa Barat,-7.03169522,107.79377033,Asia/Jakarta,2025-07-18 11:43:13.463,2025-07-18 11:43:13.463
"32.04.35.2003",Loa,Paseh,Bandung,Jawa Barat,-7.10085873,107.79734747,Asia/Jakarta,2025-07-18 11:43:13.502,2025-07-18 11:43:13.502
"32.04.35.2004",Cijagra,Paseh,Bandung,Jawa Barat,-7.04029502,107.78812565,Asia/Jakarta,2025-07-18 11:43:13.544,2025-07-18 11:43:13.544
"32.04.35.2005",Cipaku,Paseh,Bandung,Jawa Barat,-7.05935520,107.78294342,Asia/Jakarta,2025-07-18 11:43:13.587,2025-07-18 11:43:13.587
"32.04.35.2006",Sindangsari,Paseh,Bandung,Jawa Barat,-7.07355909,107.77675702,Asia/Jakarta,2025-07-18 11:43:13.648,2025-07-18 11:43:13.648
"32.04.35.2007",Drawati,Paseh,Bandung,Jawa Barat,-7.07892898,107.81100305,Asia/Jakarta,2025-07-18 11:43:13.689,2025-07-18 11:43:13.689
"32.04.35.2008",Sukamanah,Paseh,Bandung,Jawa Barat,-7.04460732,107.77019016,Asia/Jakarta,2025-07-18 11:43:13.732,2025-07-18 11:43:13.732
"32.04.35.2009",Sukamantri,Paseh,Bandung,Jawa Barat,-7.05584598,107.76939063,Asia/Jakarta,2025-07-18 11:43:13.777,2025-07-18 11:43:13.777
"32.04.35.2010",Karangtunggal,Paseh,Bandung,Jawa Barat,-7.05995166,107.81229131,Asia/Jakarta,2025-07-18 11:43:13.822,2025-07-18 11:43:13.822
"32.04.35.2011",Mekarpawitan,Paseh,Bandung,Jawa Barat,-7.04673660,107.78391900,Asia/Jakarta,2025-07-18 11:43:13.866,2025-07-18 11:43:13.866
"32.04.35.2012",Tangsimekar,Paseh,Bandung,Jawa Barat,-7.02786280,107.78775427,Asia/Jakarta,2025-07-18 11:43:13.901,2025-07-18 11:43:13.901
"32.04.36.2001",Ibun,Ibun,Bandung,Jawa Barat,-7.12995916,107.77165569,Asia/Jakarta,2025-07-18 11:43:14.105,2025-07-18 11:43:14.105
"32.04.36.2002",Laksana,Ibun,Bandung,Jawa Barat,-7.13302671,107.78469064,Asia/Jakarta,2025-07-18 11:43:14.151,2025-07-18 11:43:14.151
"32.04.36.2003",Dukuh,Ibun,Bandung,Jawa Barat,-7.13059792,107.75890205,Asia/Jakarta,2025-07-18 11:43:14.211,2025-07-18 11:43:14.211
"32.04.36.2004",Talun,Ibun,Bandung,Jawa Barat,-7.06572510,107.76567655,Asia/Jakarta,2025-07-18 11:43:14.255,2025-07-18 11:43:14.255
"32.04.36.2005",Pangguh,Ibun,Bandung,Jawa Barat,-7.09734316,107.74860314,Asia/Jakarta,2025-07-18 11:43:14.303,2025-07-18 11:43:14.303
"32.04.36.2006",Lampegan,Ibun,Bandung,Jawa Barat,-7.07022144,107.75870434,Asia/Jakarta,2025-07-18 11:43:14.370,2025-07-18 11:43:14.370
"32.04.36.2007",Neglasari,Ibun,Bandung,Jawa Barat,-7.13115231,107.74785837,Asia/Jakarta,2025-07-18 11:43:14.428,2025-07-18 11:43:14.428
"32.04.36.2008",Mekarwangi,Ibun,Bandung,Jawa Barat,-7.11241235,107.78765282,Asia/Jakarta,2025-07-18 11:43:14.473,2025-07-18 11:43:14.473
"32.04.36.2009",Sudi,Ibun,Bandung,Jawa Barat,-7.08018413,107.76878177,Asia/Jakarta,2025-07-18 11:43:14.520,2025-07-18 11:43:14.520
"32.04.36.2010",Tanggulun,Ibun,Bandung,Jawa Barat,-7.05541276,107.76210284,Asia/Jakarta,2025-07-18 11:43:14.567,2025-07-18 11:43:14.567
"32.04.36.2011",Cibeet,Ibun,Bandung,Jawa Barat,-7.08589446,107.76099307,Asia/Jakarta,2025-07-18 11:43:14.610,2025-07-18 11:43:14.610
"32.04.36.2012",Karyalaksana,Ibun,Bandung,Jawa Barat,-7.07798199,107.75267598,Asia/Jakarta,2025-07-18 11:43:14.663,2025-07-18 11:43:14.663
"32.04.37.2001",Soreang,Soreang,Bandung,Jawa Barat,-7.03383244,107.52945138,Asia/Jakarta,2025-07-18 11:43:14.886,2025-07-18 11:43:14.886
"32.04.37.2002",Sadu,Soreang,Bandung,Jawa Barat,-7.03429249,107.50522158,Asia/Jakarta,2025-07-18 11:43:14.932,2025-07-18 11:43:14.932
"32.04.37.2004",Panyirapan,Soreang,Bandung,Jawa Barat,-7.04117495,107.52427432,Asia/Jakarta,2025-07-18 11:43:14.998,2025-07-18 11:43:14.998
"32.04.37.2010",Sukajadi,Soreang,Bandung,Jawa Barat,-7.06473873,107.50347529,Asia/Jakarta,2025-07-18 11:43:15.059,2025-07-18 11:43:15.059
"32.04.37.2011",Pamekaran,Soreang,Bandung,Jawa Barat,-7.02364009,107.52590121,Asia/Jakarta,2025-07-18 11:43:15.103,2025-07-18 11:43:15.103
"32.04.37.2017",Karamatmulya,Soreang,Bandung,Jawa Barat,-7.03954402,107.51085696,Asia/Jakarta,2025-07-18 11:43:15.157,2025-07-18 11:43:15.157
"32.04.37.2018",Sukanagara,Soreang,Bandung,Jawa Barat,-7.05804157,107.51478380,Asia/Jakarta,2025-07-18 11:43:15.224,2025-07-18 11:43:15.224
"32.04.37.2019",Cingcin,Soreang,Bandung,Jawa Barat,-7.02614076,107.54031224,Asia/Jakarta,2025-07-18 11:43:15.273,2025-07-18 11:43:15.273
"32.04.37.2020",Parungserab,Soreang,Bandung,Jawa Barat,-7.01170934,107.53179189,Asia/Jakarta,2025-07-18 11:43:15.315,2025-07-18 11:43:15.315
"32.04.37.2021",Sekarwangi,Soreang,Bandung,Jawa Barat,-7.01493046,107.54009581,Asia/Jakarta,2025-07-18 11:43:15.368,2025-07-18 11:43:15.368
"32.04.38.2001",Pasirjambu,Pasirjambu,Bandung,Jawa Barat,-7.09062146,107.47740046,Asia/Jakarta,2025-07-18 11:43:15.558,2025-07-18 11:43:15.558
"32.04.38.2002",Cibodas,Pasirjambu,Bandung,Jawa Barat,-7.10098200,107.50320837,Asia/Jakarta,2025-07-18 11:43:15.607,2025-07-18 11:43:15.607
"32.04.38.2003",Cikoneng,Pasirjambu,Bandung,Jawa Barat,-7.06508648,107.48446955,Asia/Jakarta,2025-07-18 11:43:15.654,2025-07-18 11:43:15.654
"32.04.38.2004",Cukanggenteng,Pasirjambu,Bandung,Jawa Barat,-7.08109779,107.49634539,Asia/Jakarta,2025-07-18 11:43:15.701,2025-07-18 11:43:15.701
"32.04.38.2005",Cisondari,Pasirjambu,Bandung,Jawa Barat,-7.12452105,107.48723332,Asia/Jakarta,2025-07-18 11:43:15.749,2025-07-18 11:43:15.749
"32.04.38.2006",Margamulya,Pasirjambu,Bandung,Jawa Barat,-7.12134718,107.45733624,Asia/Jakarta,2025-07-18 11:43:15.801,2025-07-18 11:43:15.801
"32.04.38.2007",Mekarsari,Pasirjambu,Bandung,Jawa Barat,-7.14930590,107.50051058,Asia/Jakarta,2025-07-18 11:43:15.850,2025-07-18 11:43:15.850
"32.04.38.2008",Mekarmaju,Pasirjambu,Bandung,Jawa Barat,-7.08686428,107.46700648,Asia/Jakarta,2025-07-18 11:43:15.915,2025-07-18 11:43:15.915
"32.04.38.2009",Sugihmukti,Pasirjambu,Bandung,Jawa Barat,-7.19959704,107.42556412,Asia/Jakarta,2025-07-18 11:43:15.965,2025-07-18 11:43:15.965
"32.04.38.2010",Tenjolaya,Pasirjambu,Bandung,Jawa Barat,-7.19367636,107.47523587,Asia/Jakarta,2025-07-18 11:43:16.004,2025-07-18 11:43:16.004
"32.04.39.2001",Lebakmuncang,Ciwidey,Bandung,Jawa Barat,-7.10263221,107.41540587,Asia/Jakarta,2025-07-18 11:43:16.175,2025-07-18 11:43:16.175
"32.04.39.2002",Ciwidey,Ciwidey,Bandung,Jawa Barat,-7.10243318,107.45436520,Asia/Jakarta,2025-07-18 11:43:16.211,2025-07-18 11:43:16.211
"32.04.39.2003",Nengkelan,Ciwidey,Bandung,Jawa Barat,-7.06771265,107.45271868,Asia/Jakarta,2025-07-18 11:43:16.289,2025-07-18 11:43:16.289
"32.04.39.2004",Panundaan,Ciwidey,Bandung,Jawa Barat,-7.10988394,107.43890985,Asia/Jakarta,2025-07-18 11:43:16.329,2025-07-18 11:43:16.329
"32.04.39.2005",Panyocokan,Ciwidey,Bandung,Jawa Barat,-7.09304979,107.45651378,Asia/Jakarta,2025-07-18 11:43:16.370,2025-07-18 11:43:16.370
"32.04.39.2006",Rawabogo,Ciwidey,Bandung,Jawa Barat,-7.06597226,107.43488815,Asia/Jakarta,2025-07-18 11:43:16.417,2025-07-18 11:43:16.417
"32.04.39.2007",Sukawening,Ciwidey,Bandung,Jawa Barat,-7.06586136,107.46653874,Asia/Jakarta,2025-07-18 11:43:16.470,2025-07-18 11:43:16.470
"32.04.40.2001",Patengan,Rancabali,Bandung,Jawa Barat,-7.14427161,107.37410348,Asia/Jakarta,2025-07-18 11:43:16.624,2025-07-18 11:43:16.624
"32.04.40.2002",Sukaresmi,Rancabali,Bandung,Jawa Barat,-7.19534634,107.35517835,Asia/Jakarta,2025-07-18 11:43:16.658,2025-07-18 11:43:16.658
"32.04.40.2003",Indragiri,Rancabali,Bandung,Jawa Barat,-7.12521812,107.33907173,Asia/Jakarta,2025-07-18 11:43:16.707,2025-07-18 11:43:16.707
"32.04.40.2004",Cipelah,Rancabali,Bandung,Jawa Barat,-7.18416984,107.29121981,Asia/Jakarta,2025-07-18 11:43:16.763,2025-07-18 11:43:16.763
"32.04.40.2005",Alamendah,Rancabali,Bandung,Jawa Barat,-7.13965288,107.41481266,Asia/Jakarta,2025-07-18 11:43:16.818,2025-07-18 11:43:16.818
"32.04.44.2001",Cangkuang,Cangkuang,Bandung,Jawa Barat,-7.03960218,107.55681717,Asia/Jakarta,2025-07-18 11:43:16.946,2025-07-18 11:43:16.946
"32.04.44.2002",Ciluncat,Cangkuang,Bandung,Jawa Barat,-7.04482462,107.54752668,Asia/Jakarta,2025-07-18 11:43:16.993,2025-07-18 11:43:16.993
"32.04.44.2003",Nagrak,Cangkuang,Bandung,Jawa Barat,-7.05922412,107.54619537,Asia/Jakarta,2025-07-18 11:43:17.037,2025-07-18 11:43:17.037
"32.04.44.2004",Bandasari,Cangkuang,Bandung,Jawa Barat,-7.06807113,107.52805571,Asia/Jakarta,2025-07-18 11:43:17.076,2025-07-18 11:43:17.076
"32.04.44.2005",Pananjung,Cangkuang,Bandung,Jawa Barat,-7.05473927,107.52782166,Asia/Jakarta,2025-07-18 11:43:17.124,2025-07-18 11:43:17.124
"32.04.44.2006",Jatisari,Cangkuang,Bandung,Jawa Barat,-7.07567983,107.53750439,Asia/Jakarta,2025-07-18 11:43:17.184,2025-07-18 11:43:17.184
"32.04.44.2007",Tanjungsari,Cangkuang,Bandung,Jawa Barat,-7.03777942,107.56907295,Asia/Jakarta,2025-07-18 11:43:17.222,2025-07-18 11:43:17.222
"32.04.46.2001",Jelegong,Kutawaringin,Bandung,Jawa Barat,-6.95566789,107.52723276,Asia/Jakarta,2025-07-18 11:43:17.368,2025-07-18 11:43:17.368
"32.04.46.2002",Jatisari,Kutawaringin,Bandung,Jawa Barat,-6.97622377,107.52029481,Asia/Jakarta,2025-07-18 11:43:17.413,2025-07-18 11:43:17.413
"32.04.46.2003",Pameuntasan,Kutawaringin,Bandung,Jawa Barat,-6.98147428,107.54471418,Asia/Jakarta,2025-07-18 11:43:17.471,2025-07-18 11:43:17.471
"32.04.46.2004",Kopo,Kutawaringin,Bandung,Jawa Barat,-6.99764627,107.53393085,Asia/Jakarta,2025-07-18 11:43:17.555,2025-07-18 11:43:17.555
"32.04.46.2005",Cibodas,Kutawaringin,Bandung,Jawa Barat,-6.98682393,107.50719792,Asia/Jakarta,2025-07-18 11:43:17.594,2025-07-18 11:43:17.594
"32.04.46.2006",Kutawaringin,Kutawaringin,Bandung,Jawa Barat,-6.99921740,107.50660407,Asia/Jakarta,2025-07-18 11:43:17.642,2025-07-18 11:43:17.642
"32.04.46.2007",Sukamulya,Kutawaringin,Bandung,Jawa Barat,-7.00921360,107.48906898,Asia/Jakarta,2025-07-18 11:43:17.700,2025-07-18 11:43:17.700
"32.04.46.2008",Padasuka,Kutawaringin,Bandung,Jawa Barat,-7.01367260,107.51802768,Asia/Jakarta,2025-07-18 11:43:17.745,2025-07-18 11:43:17.745
"32.04.46.2009",Buninagara,Kutawaringin,Bandung,Jawa Barat,-7.02233644,107.49789590,Asia/Jakarta,2025-07-18 11:43:17.793,2025-07-18 11:43:17.793
"32.04.46.2010",Gajah Mekar,Kutawaringin,Bandung,Jawa Barat,-6.97557351,107.53439814,Asia/Jakarta,2025-07-18 11:43:17.845,2025-07-18 11:43:17.845
"32.04.46.2011",Cilame,Kutawaringin,Bandung,Jawa Barat,-7.04092416,107.48670132,Asia/Jakarta,2025-07-18 11:43:17.893,2025-07-18 11:43:17.893
"32.04.05.2001",Cileunyi Kulon,Cileunyi,Bandung,Jawa Barat,-6.94422496,107.73996053,Asia/Jakarta,2025-07-18 11:43:18.075,2025-07-18 11:43:18.075
"32.04.05.2002",Cileunyi Wetan,Cileunyi,Bandung,Jawa Barat,-6.93266610,107.74947437,Asia/Jakarta,2025-07-18 11:43:18.125,2025-07-18 11:43:18.125
"32.04.05.2003",Cimekar,Cileunyi,Bandung,Jawa Barat,-6.93615072,107.73807406,Asia/Jakarta,2025-07-18 11:43:18.182,2025-07-18 11:43:18.182
"32.04.05.2004",Cinunuk,Cileunyi,Bandung,Jawa Barat,-6.93195197,107.73288572,Asia/Jakarta,2025-07-18 11:43:18.219,2025-07-18 11:43:18.219
"32.04.05.2005",Cibiru Hilir,Cileunyi,Bandung,Jawa Barat,-6.95528206,107.71605576,Asia/Jakarta,2025-07-18 11:43:18.261,2025-07-18 11:43:18.261
"32.04.05.2006",Cibiru Wetan,Cileunyi,Bandung,Jawa Barat,-6.90834947,107.73725613,Asia/Jakarta,2025-07-18 11:43:18.297,2025-07-18 11:43:18.297
"32.04.15.2011",Pulosari,Pangalengan,Bandung,Jawa Barat,-7.17444305,107.54446013,Asia/Jakarta,2025-07-18 11:43:19.355,2025-07-18 11:43:19.355
"32.04.15.2012",Wanasuka,Pangalengan,Bandung,Jawa Barat,-7.26508242,107.60895594,Asia/Jakarta,2025-07-18 11:43:19.396,2025-07-18 11:43:19.396
"32.04.15.2013",Margamekar,Pangalengan,Bandung,Jawa Barat,-7.20190080,107.57157208,Asia/Jakarta,2025-07-18 11:43:19.441,2025-07-18 11:43:19.441
"32.04.15.2001",Pangalengan,Pangalengan,Bandung,Jawa Barat,-7.17620106,107.58609273,Asia/Jakarta,2025-07-18 11:43:19.475,2025-07-18 11:43:19.475
"32.04.15.2002",Margaluyu,Pangalengan,Bandung,Jawa Barat,-7.22850371,107.55561475,Asia/Jakarta,2025-07-18 11:43:19.517,2025-07-18 11:43:19.517
"32.04.15.2003",Warnasari,Pangalengan,Bandung,Jawa Barat,-7.19078477,107.51610748,Asia/Jakarta,2025-07-18 11:43:19.570,2025-07-18 11:43:19.570
"32.04.15.2004",Sukamanah,Pangalengan,Bandung,Jawa Barat,-7.20392288,107.60437097,Asia/Jakarta,2025-07-18 11:43:19.608,2025-07-18 11:43:19.608
"32.04.15.2005",Lamajang,Pangalengan,Bandung,Jawa Barat,-7.13338659,107.53957946,Asia/Jakarta,2025-07-18 11:43:19.659,2025-07-18 11:43:19.659
"32.04.15.2006",Margamukti,Pangalengan,Bandung,Jawa Barat,-7.18196415,107.62050714,Asia/Jakarta,2025-07-18 11:43:19.707,2025-07-18 11:43:19.707
"32.04.15.2007",Margamulya,Pangalengan,Bandung,Jawa Barat,-7.15956069,107.59032038,Asia/Jakarta,2025-07-18 11:43:19.747,2025-07-18 11:43:19.747
"32.04.15.2008",Banjarsari,Pangalengan,Bandung,Jawa Barat,-7.23059087,107.59275107,Asia/Jakarta,2025-07-18 11:43:19.778,2025-07-18 11:43:19.778
"32.04.15.2009",Sukaluyu,Pangalengan,Bandung,Jawa Barat,-7.23315564,107.52169707,Asia/Jakarta,2025-07-18 11:43:19.814,2025-07-18 11:43:19.814
"32.04.15.2010",Tribaktimulya,Pangalengan,Bandung,Jawa Barat,-7.14390111,107.56400986,Asia/Jakarta,2025-07-18 11:43:19.854,2025-07-18 11:43:19.854
"32.04.28.2005",Jelegong,Rancaekek,Bandung,Jawa Barat,-6.97348149,107.77210598,Asia/Jakarta,2025-07-18 11:43:20.749,2025-07-18 11:43:20.749
"32.04.28.2006",Linggar,Rancaekek,Bandung,Jawa Barat,-6.97298839,107.78286807,Asia/Jakarta,2025-07-18 11:43:20.785,2025-07-18 11:43:20.785
"32.04.28.2007",Cangkuang,Rancaekek,Bandung,Jawa Barat,-6.97606185,107.79771663,Asia/Jakarta,2025-07-18 11:43:20.819,2025-07-18 11:43:20.819
"32.04.28.2008",Haurpugur,Rancaekek,Bandung,Jawa Barat,-6.99306734,107.78820506,Asia/Jakarta,2025-07-18 11:43:20.892,2025-07-18 11:43:20.892
"32.04.28.2009",Sukamanah,Rancaekek,Bandung,Jawa Barat,-6.98841322,107.73167883,Asia/Jakarta,2025-07-18 11:43:20.929,2025-07-18 11:43:20.929
"32.04.28.2010",Sukamulya,Rancaekek,Bandung,Jawa Barat,-6.98470864,107.78077905,Asia/Jakarta,2025-07-18 11:43:20.971,2025-07-18 11:43:20.971
"32.04.28.2001",Rancaekek Wetan,Rancaekek,Bandung,Jawa Barat,-6.96786299,107.75497295,Asia/Jakarta,2025-07-18 11:43:21.060,2025-07-18 11:43:21.060
"32.04.28.2002",Rancaekek Kulon,Rancaekek,Bandung,Jawa Barat,-6.97101997,107.74299952,Asia/Jakarta,2025-07-18 11:43:21.100,2025-07-18 11:43:21.100
"32.04.28.2003",Bojongsalam,Rancaekek,Bandung,Jawa Barat,-6.98875933,107.80968004,Asia/Jakarta,2025-07-18 11:43:21.138,2025-07-18 11:43:21.138
"32.04.28.2004",Bojongloa,Rancaekek,Bandung,Jawa Barat,-6.97689617,107.76078165,Asia/Jakarta,2025-07-18 11:43:21.188,2025-07-18 11:43:21.188
"32.04.33.2001",Majalaya,Majalaya,Bandung,Jawa Barat,-7.04496608,107.75941252,Asia/Jakarta,2025-07-18 11:43:22.085,2025-07-18 11:43:22.085
"32.04.33.2002",Wangisagara,Majalaya,Bandung,Jawa Barat,-7.07506157,107.74171742,Asia/Jakarta,2025-07-18 11:43:22.121,2025-07-18 11:43:22.121
"32.04.33.2003",Biru,Majalaya,Bandung,Jawa Barat,-7.05286221,107.72566702,Asia/Jakarta,2025-07-18 11:43:22.166,2025-07-18 11:43:22.166
"32.04.33.2004",Padamulya,Majalaya,Bandung,Jawa Barat,-7.05602284,107.74831061,Asia/Jakarta,2025-07-18 11:43:22.199,2025-07-18 11:43:22.199
"32.04.33.2005",Bojong,Majalaya,Bandung,Jawa Barat,-7.03909429,107.77531895,Asia/Jakarta,2025-07-18 11:43:22.233,2025-07-18 11:43:22.233
"32.04.33.2006",Majasetra,Majalaya,Bandung,Jawa Barat,-7.03391723,107.75575869,Asia/Jakarta,2025-07-18 11:43:22.263,2025-07-18 11:43:22.263
"32.04.33.2007",Majakerta,Majalaya,Bandung,Jawa Barat,-7.04155431,107.76419922,Asia/Jakarta,2025-07-18 11:43:22.294,2025-07-18 11:43:22.294
"32.04.33.2008",Sukamaju,Majalaya,Bandung,Jawa Barat,-7.04942958,107.75331179,Asia/Jakarta,2025-07-18 11:43:22.331,2025-07-18 11:43:22.331
"32.04.33.2009",Padaulun,Majalaya,Bandung,Jawa Barat,-7.05424144,107.73542881,Asia/Jakarta,2025-07-18 11:43:22.362,2025-07-18 11:43:22.362
"32.04.33.2010",Neglasari,Majalaya,Bandung,Jawa Barat,-7.07577650,107.73079613,Asia/Jakarta,2025-07-18 11:43:22.394,2025-07-18 11:43:22.394
"32.04.33.2011",Sukamukti,Majalaya,Bandung,Jawa Barat,-7.05955563,107.74291847,Asia/Jakarta,2025-07-18 11:43:22.464,2025-07-18 11:43:22.464
"32.04.34.2001",Rancakasumba,Solokanjeruk,Bandung,Jawa Barat,-7.01866707,107.73510896,Asia/Jakarta,2025-07-18 11:43:22.634,2025-07-18 11:43:22.634
"32.16.01.2001",Sagara Makmur,Tarumajaya,Bekasi,Jawa Barat,-6.10806367,106.97981409,Asia/Jakarta,2025-07-18 11:47:43.160,2025-07-18 11:47:43.160
"32.16.01.2002",Segarajaya,Tarumajaya,Bekasi,Jawa Barat,-6.09971159,107.00896757,Asia/Jakarta,2025-07-18 11:47:43.199,2025-07-18 11:47:43.199
"32.16.01.2003",Pusaka Rakyat,Tarumajaya,Bekasi,Jawa Barat,-6.15527092,106.97930383,Asia/Jakarta,2025-07-18 11:47:43.226,2025-07-18 11:47:43.226
"32.16.01.2004",Pahlawan Setia,Tarumajaya,Bekasi,Jawa Barat,-6.13371843,107.00586686,Asia/Jakarta,2025-07-18 11:47:43.262,2025-07-18 11:47:43.262
"32.16.01.2005",Setia Mulya,Tarumajaya,Bekasi,Jawa Barat,-6.13698726,106.98670167,Asia/Jakarta,2025-07-18 11:47:43.309,2025-07-18 11:47:43.309
"32.16.01.2006",Samudra Jaya,Tarumajaya,Bekasi,Jawa Barat,-6.10092595,107.02242559,Asia/Jakarta,2025-07-18 11:47:43.345,2025-07-18 11:47:43.345
"32.16.01.2008",Pantai Makmur,Tarumajaya,Bekasi,Jawa Barat,-6.10069408,106.99369031,Asia/Jakarta,2025-07-18 11:47:43.382,2025-07-18 11:47:43.382
"32.16.02.2001",Bunibakti,Babelan,Bekasi,Jawa Barat,-6.10744771,107.03523755,Asia/Jakarta,2025-07-18 11:47:43.502,2025-07-18 11:47:43.502
"32.16.02.2002",Muarabakti,Babelan,Bekasi,Jawa Barat,-6.11057301,107.05375971,Asia/Jakarta,2025-07-18 11:47:43.548,2025-07-18 11:47:43.548
"32.16.02.2003",Kedung Pengawas,Babelan,Bekasi,Jawa Barat,-6.13778123,107.04354422,Asia/Jakarta,2025-07-18 11:47:43.587,2025-07-18 11:47:43.587
"32.16.02.2004",Hurip Jaya,Babelan,Bekasi,Jawa Barat,-6.06866226,107.02303136,Asia/Jakarta,2025-07-18 11:47:43.619,2025-07-18 11:47:43.619
"32.16.02.2005",Pantaihurip,Babelan,Bekasi,Jawa Barat,-6.07110175,107.05328659,Asia/Jakarta,2025-07-18 11:47:43.653,2025-07-18 11:47:43.653
"32.16.02.1006",Bahagia,Babelan,Bekasi,Jawa Barat,-6.18378019,107.01900944,Asia/Jakarta,2025-07-18 11:47:43.704,2025-07-18 11:47:43.704
"32.16.02.1007",Kebalen,Babelan,Bekasi,Jawa Barat,-6.18716260,107.03690826,Asia/Jakarta,2025-07-18 11:47:43.735,2025-07-18 11:47:43.735
"32.16.02.2008",Babelankota,Babelan,Bekasi,Jawa Barat,-6.16332435,107.02701974,Asia/Jakarta,2025-07-18 11:47:43.779,2025-07-18 11:47:43.779
"32.16.02.2009",Kedungjaya,Babelan,Bekasi,Jawa Barat,-6.14346382,107.02545696,Asia/Jakarta,2025-07-18 11:47:43.812,2025-07-18 11:47:43.812
"32.16.03.2001",Sukaringin,Sukawangi,Bekasi,Jawa Barat,-6.09059455,107.08387629,Asia/Jakarta,2025-07-18 11:47:43.958,2025-07-18 11:47:43.958
"32.16.03.2002",Sukabudi,Sukawangi,Bekasi,Jawa Barat,-6.13377983,107.11157594,Asia/Jakarta,2025-07-18 11:47:43.986,2025-07-18 11:47:43.986
"32.16.03.2003",Sukadaya,Sukawangi,Bekasi,Jawa Barat,-6.14142807,107.09717555,Asia/Jakarta,2025-07-18 11:47:44.024,2025-07-18 11:47:44.024
"32.16.03.2004",Sukawangi,Sukawangi,Bekasi,Jawa Barat,-6.12902002,107.12919538,Asia/Jakarta,2025-07-18 11:47:44.061,2025-07-18 11:47:44.061
"32.16.03.2005",Sukakerta,Sukawangi,Bekasi,Jawa Barat,-6.10700938,107.11809331,Asia/Jakarta,2025-07-18 11:47:44.103,2025-07-18 11:47:44.103
"32.16.03.2006",Sukatenang,Sukawangi,Bekasi,Jawa Barat,-6.10391383,107.07053298,Asia/Jakarta,2025-07-18 11:47:44.139,2025-07-18 11:47:44.139
"32.16.03.2007",Sukamekar,Sukawangi,Bekasi,Jawa Barat,-6.14424095,107.06756762,Asia/Jakarta,2025-07-18 11:47:44.192,2025-07-18 11:47:44.192
"32.16.04.2001",Sukawijaya,Tambelang,Bekasi,Jawa Barat,-6.15159832,107.14617626,Asia/Jakarta,2025-07-18 11:47:44.319,2025-07-18 11:47:44.319
"32.16.04.2002",Sukamaju,Tambelang,Bekasi,Jawa Barat,-6.17434340,107.10338424,Asia/Jakarta,2025-07-18 11:47:44.355,2025-07-18 11:47:44.355
"32.16.04.2003",Sukaraja,Tambelang,Bekasi,Jawa Barat,-6.20276376,107.11886916,Asia/Jakarta,2025-07-18 11:47:44.395,2025-07-18 11:47:44.395
"32.16.04.2004",Sukarapih,Tambelang,Bekasi,Jawa Barat,-6.18615729,107.12116845,Asia/Jakarta,2025-07-18 11:47:44.435,2025-07-18 11:47:44.435
"32.16.04.2005",Sukarahayu,Tambelang,Bekasi,Jawa Barat,-6.17055523,107.12475231,Asia/Jakarta,2025-07-18 11:47:44.474,2025-07-18 11:47:44.474
"32.16.04.2006",Sukamantri,Tambelang,Bekasi,Jawa Barat,-6.14246151,107.14813842,Asia/Jakarta,2025-07-18 11:47:44.516,2025-07-18 11:47:44.516
"32.16.04.2007",Sukabakti,Tambelang,Bekasi,Jawa Barat,-6.15839843,107.13367688,Asia/Jakarta,2025-07-18 11:47:44.547,2025-07-18 11:47:44.547
"32.16.05.2001",Satriajaya,Tambun Utara,Bekasi,Jawa Barat,-6.21118778,107.05173036,Asia/Jakarta,2025-07-18 11:47:44.667,2025-07-18 11:47:44.667
"32.16.05.2002",Jejalenjaya,Tambun Utara,Bekasi,Jawa Barat,-6.21428891,107.06905141,Asia/Jakarta,2025-07-18 11:47:44.697,2025-07-18 11:47:44.697
"32.16.05.2003",Satriamekar,Tambun Utara,Bekasi,Jawa Barat,-6.19929981,107.05401811,Asia/Jakarta,2025-07-18 11:47:44.730,2025-07-18 11:47:44.730
"32.16.05.2004",Sriamur,Tambun Utara,Bekasi,Jawa Barat,-6.17678949,107.05151550,Asia/Jakarta,2025-07-18 11:47:44.758,2025-07-18 11:47:44.758
"32.16.05.2005",Srimukti,Tambun Utara,Bekasi,Jawa Barat,-6.17550926,107.06180061,Asia/Jakarta,2025-07-18 11:47:44.791,2025-07-18 11:47:44.791
"32.16.05.2006",Srijaya,Tambun Utara,Bekasi,Jawa Barat,-6.17838776,107.07009129,Asia/Jakarta,2025-07-18 11:47:44.874,2025-07-18 11:47:44.874
"32.16.05.2007",Srimahi,Tambun Utara,Bekasi,Jawa Barat,-6.17648056,107.08195463,Asia/Jakarta,2025-07-18 11:47:44.922,2025-07-18 11:47:44.922
"32.16.05.2008",Karangsatria,Tambun Utara,Bekasi,Jawa Barat,-6.22225637,107.04203189,Asia/Jakarta,2025-07-18 11:47:44.955,2025-07-18 11:47:44.955
"32.16.06.1001",Jatimulya,Tambun Selatan,Bekasi,Jawa Barat,-6.26712179,107.02909980,Asia/Jakarta,2025-07-18 11:47:45.123,2025-07-18 11:47:45.123
"32.16.06.2002",Lambangsari,Tambun Selatan,Bekasi,Jawa Barat,-6.28198177,107.04071062,Asia/Jakarta,2025-07-18 11:47:45.160,2025-07-18 11:47:45.160
"32.16.06.2003",Lambangjaya,Tambun Selatan,Bekasi,Jawa Barat,-6.29037581,107.05204435,Asia/Jakarta,2025-07-18 11:47:45.202,2025-07-18 11:47:45.202
"32.16.06.2004",Tambun,Tambun Selatan,Bekasi,Jawa Barat,-6.26839273,107.06442259,Asia/Jakarta,2025-07-18 11:47:45.229,2025-07-18 11:47:45.229
"32.16.06.2005",Setiadarma,Tambun Selatan,Bekasi,Jawa Barat,-6.26717800,107.05046320,Asia/Jakarta,2025-07-18 11:47:45.268,2025-07-18 11:47:45.268
"32.16.06.2006",Setiamekar,Tambun Selatan,Bekasi,Jawa Barat,-6.24862590,107.04437271,Asia/Jakarta,2025-07-18 11:47:45.297,2025-07-18 11:47:45.297
"32.16.06.2007",Mekarsari,Tambun Selatan,Bekasi,Jawa Barat,-6.25715508,107.06387208,Asia/Jakarta,2025-07-18 11:47:45.329,2025-07-18 11:47:45.329
"32.16.06.2008",Tridaya Sakti,Tambun Selatan,Bekasi,Jawa Barat,-6.24856238,107.07334897,Asia/Jakarta,2025-07-18 11:47:45.362,2025-07-18 11:47:45.362
"32.16.06.2009",Mangunjaya,Tambun Selatan,Bekasi,Jawa Barat,-6.23670292,107.05819205,Asia/Jakarta,2025-07-18 11:47:45.450,2025-07-18 11:47:45.450
"32.16.06.2010",Sumberjaya,Tambun Selatan,Bekasi,Jawa Barat,-6.22583836,107.07715095,Asia/Jakarta,2025-07-18 11:47:45.487,2025-07-18 11:47:45.487
"32.16.07.1001",Wanasari,Cibitung,Bekasi,Jawa Barat,-6.24697970,107.08826315,Asia/Jakarta,2025-07-18 11:47:45.661,2025-07-18 11:47:45.661
"32.16.07.2002",Wanajaya,Cibitung,Bekasi,Jawa Barat,-6.24581250,107.10768059,Asia/Jakarta,2025-07-18 11:47:45.687,2025-07-18 11:47:45.687
"32.16.07.2003",Kertamukti,Cibitung,Bekasi,Jawa Barat,-6.22165100,107.11510678,Asia/Jakarta,2025-07-18 11:47:45.718,2025-07-18 11:47:45.718
"32.16.07.2004",Muktiwari,Cibitung,Bekasi,Jawa Barat,-6.21438834,107.09645546,Asia/Jakarta,2025-07-18 11:47:45.752,2025-07-18 11:47:45.752
"32.16.07.2005",Sarimukti,Cibitung,Bekasi,Jawa Barat,-6.19418227,107.09377533,Asia/Jakarta,2025-07-18 11:47:45.795,2025-07-18 11:47:45.795
"32.16.07.2006",Sukajaya,Cibitung,Bekasi,Jawa Barat,-6.23609618,107.13611166,Asia/Jakarta,2025-07-18 11:47:45.842,2025-07-18 11:47:45.842
"32.16.07.2007",Cibuntu,Cibitung,Bekasi,Jawa Barat,-6.28699572,107.06773788,Asia/Jakarta,2025-07-18 11:47:45.886,2025-07-18 11:47:45.886
"32.16.08.2001",Telagamurni,Cikarang Barat,Bekasi,Jawa Barat,-6.25885150,107.11733398,Asia/Jakarta,2025-07-18 11:47:46.024,2025-07-18 11:47:46.024
"32.16.08.2002",Mekarwangi,Cikarang Barat,Bekasi,Jawa Barat,-6.31281844,107.07455161,Asia/Jakarta,2025-07-18 11:47:46.067,2025-07-18 11:47:46.067
"32.16.08.2003",Jatiwangi,Cikarang Barat,Bekasi,Jawa Barat,-6.31842089,107.09692329,Asia/Jakarta,2025-07-18 11:47:46.102,2025-07-18 11:47:46.102
"32.16.08.2004",Danau Indah,Cikarang Barat,Bekasi,Jawa Barat,-6.30308011,107.10579828,Asia/Jakarta,2025-07-18 11:47:46.155,2025-07-18 11:47:46.155
"32.16.08.2005",Gandamekar,Cikarang Barat,Bekasi,Jawa Barat,-6.29649889,107.08605717,Asia/Jakarta,2025-07-18 11:47:46.199,2025-07-18 11:47:46.199
"32.16.08.2006",Gandasari,Cikarang Barat,Bekasi,Jawa Barat,-6.28402592,107.08083922,Asia/Jakarta,2025-07-18 11:47:46.236,2025-07-18 11:47:46.236
"32.16.08.2007",Sukadanau,Cikarang Barat,Bekasi,Jawa Barat,-6.28325035,107.10757634,Asia/Jakarta,2025-07-18 11:47:46.268,2025-07-18 11:47:46.268
"32.16.08.1008",Telaga Asih,Cikarang Barat,Bekasi,Jawa Barat,-6.26619701,107.09747813,Asia/Jakarta,2025-07-18 11:47:46.298,2025-07-18 11:47:46.298
"32.16.08.2009",Kalijaya,Cikarang Barat,Bekasi,Jawa Barat,-6.25908417,107.13246438,Asia/Jakarta,2025-07-18 11:47:46.326,2025-07-18 11:47:46.326
"32.16.08.2010",Telajung,Cikarang Barat,Bekasi,Jawa Barat,-6.33080687,107.06037612,Asia/Jakarta,2025-07-18 11:47:46.356,2025-07-18 11:47:46.356
"32.16.08.2011",Cikedokan,Cikarang Barat,Bekasi,Jawa Barat,-6.33497664,107.08269291,Asia/Jakarta,2025-07-18 11:47:46.394,2025-07-18 11:47:46.394
"32.16.09.2001",Cikarangkota,Cikarang Utara,Bekasi,Jawa Barat,-6.26192772,107.15156496,Asia/Jakarta,2025-07-18 11:47:46.574,2025-07-18 11:47:46.574
"32.16.09.2002",Karangbaru,Cikarang Utara,Bekasi,Jawa Barat,-6.26552370,107.14236670,Asia/Jakarta,2025-07-18 11:47:46.623,2025-07-18 11:47:46.623
"32.16.09.2003",Karangasih,Cikarang Utara,Bekasi,Jawa Barat,-6.25175041,107.15477400,Asia/Jakarta,2025-07-18 11:47:46.666,2025-07-18 11:47:46.666
"32.16.09.2004",Waluya,Cikarang Utara,Bekasi,Jawa Barat,-6.25919722,107.18934103,Asia/Jakarta,2025-07-18 11:47:46.718,2025-07-18 11:47:46.718
"32.16.09.2005",Karangraharja,Cikarang Utara,Bekasi,Jawa Barat,-6.25367466,107.17718466,Asia/Jakarta,2025-07-18 11:47:46.750,2025-07-18 11:47:46.750
"32.16.09.2006",Pasirgombong,Cikarang Utara,Bekasi,Jawa Barat,-6.28102052,107.15062790,Asia/Jakarta,2025-07-18 11:47:46.793,2025-07-18 11:47:46.793
"32.16.09.2007",Simpangan,Cikarang Utara,Bekasi,Jawa Barat,-6.27755215,107.17425383,Asia/Jakarta,2025-07-18 11:47:46.836,2025-07-18 11:47:46.836
"32.16.09.2008",Tanjungsari,Cikarang Utara,Bekasi,Jawa Barat,-6.26611575,107.16524111,Asia/Jakarta,2025-07-18 11:47:46.876,2025-07-18 11:47:46.876
"32.16.09.2009",Harjamekar,Cikarang Utara,Bekasi,Jawa Barat,-6.27959186,107.13147605,Asia/Jakarta,2025-07-18 11:47:46.909,2025-07-18 11:47:46.909
"32.16.09.2010",Mekarmukti,Cikarang Utara,Bekasi,Jawa Barat,-6.29367319,107.16131737,Asia/Jakarta,2025-07-18 11:47:46.946,2025-07-18 11:47:46.946
"32.16.09.2011",Wangunharja,Cikarang Utara,Bekasi,Jawa Barat,-6.29844006,107.12855202,Asia/Jakarta,2025-07-18 11:47:46.984,2025-07-18 11:47:46.984
"32.16.10.2001",Sukaraya,Karang Bahagia,Bekasi,Jawa Barat,-6.23253011,107.16741151,Asia/Jakarta,2025-07-18 11:47:47.199,2025-07-18 11:47:47.199
"32.16.10.2002",Karangrahayu,Karang Bahagia,Bekasi,Jawa Barat,-6.23482407,107.18802341,Asia/Jakarta,2025-07-18 11:47:47.223,2025-07-18 11:47:47.223
"32.16.10.2003",Karangsetia,Karang Bahagia,Bekasi,Jawa Barat,-6.21971018,107.18315151,Asia/Jakarta,2025-07-18 11:47:47.249,2025-07-18 11:47:47.249
"32.16.10.2004",Karanganyar,Karang Bahagia,Bekasi,Jawa Barat,-6.20897788,107.18988742,Asia/Jakarta,2025-07-18 11:47:47.296,2025-07-18 11:47:47.296
"32.16.10.2005",Karangbahagia,Karang Bahagia,Bekasi,Jawa Barat,-6.19665097,107.19889830,Asia/Jakarta,2025-07-18 11:47:47.338,2025-07-18 11:47:47.338
"32.16.10.2006",Karangsentosa,Karang Bahagia,Bekasi,Jawa Barat,-6.18729318,107.18294604,Asia/Jakarta,2025-07-18 11:47:47.375,2025-07-18 11:47:47.375
"32.16.10.2007",Karangsatu,Karang Bahagia,Bekasi,Jawa Barat,-6.22119186,107.21365338,Asia/Jakarta,2025-07-18 11:47:47.420,2025-07-18 11:47:47.420
"32.16.10.2008",Karangmukti,Karang Bahagia,Bekasi,Jawa Barat,-6.21823345,107.23107499,Asia/Jakarta,2025-07-18 11:47:47.465,2025-07-18 11:47:47.465
"32.16.11.2001",Tanjungbaru,Cikarang Timur,Bekasi,Jawa Barat,-6.27607919,107.22362294,Asia/Jakarta,2025-07-18 11:47:47.615,2025-07-18 11:47:47.615
"32.16.11.2002",Cipayung,Cikarang Timur,Bekasi,Jawa Barat,-6.30338813,107.22317740,Asia/Jakarta,2025-07-18 11:47:47.672,2025-07-18 11:47:47.672
"32.16.11.2003",Hegarmanah,Cikarang Timur,Bekasi,Jawa Barat,-6.31551768,107.20074311,Asia/Jakarta,2025-07-18 11:47:47.715,2025-07-18 11:47:47.715
"32.16.11.2004",Jatireja,Cikarang Timur,Bekasi,Jawa Barat,-6.28998455,107.19357373,Asia/Jakarta,2025-07-18 11:47:47.752,2025-07-18 11:47:47.752
"32.16.11.2005",Jatibaru,Cikarang Timur,Bekasi,Jawa Barat,-6.28141025,107.20569169,Asia/Jakarta,2025-07-18 11:47:47.794,2025-07-18 11:47:47.794
"32.16.11.2006",Labansari,Cikarang Timur,Bekasi,Jawa Barat,-6.28540615,107.24973836,Asia/Jakarta,2025-07-18 11:47:47.835,2025-07-18 11:47:47.835
"32.16.11.1007",Sertajaya,Cikarang Timur,Bekasi,Jawa Barat,-6.30598010,107.18113338,Asia/Jakarta,2025-07-18 11:47:47.871,2025-07-18 11:47:47.871
"32.16.11.2008",Karangsari,Cikarang Timur,Bekasi,Jawa Barat,-6.25426260,107.20501777,Asia/Jakarta,2025-07-18 11:47:47.910,2025-07-18 11:47:47.910
"32.16.12.2001",Karangsambung,Kedung Waringin,Bekasi,Jawa Barat,-6.25827418,107.22544618,Asia/Jakarta,2025-07-18 11:47:48.060,2025-07-18 11:47:48.060
"32.16.12.2002",Waringinjaya,Kedung Waringin,Bekasi,Jawa Barat,-6.25962839,107.24706258,Asia/Jakarta,2025-07-18 11:47:48.098,2025-07-18 11:47:48.098
"32.16.12.2003",Karangmekar,Kedung Waringin,Bekasi,Jawa Barat,-6.24025673,107.26203421,Asia/Jakarta,2025-07-18 11:47:48.134,2025-07-18 11:47:48.134
"32.16.12.2004",Mekarjaya,Kedung Waringin,Bekasi,Jawa Barat,-6.23515982,107.24736912,Asia/Jakarta,2025-07-18 11:47:48.172,2025-07-18 11:47:48.172
"32.16.12.2005",Karangharum,Kedung Waringin,Bekasi,Jawa Barat,-6.24190934,107.23127430,Asia/Jakarta,2025-07-18 11:47:48.213,2025-07-18 11:47:48.213
"32.16.12.2006",Bojongsari,Kedung Waringin,Bekasi,Jawa Barat,-6.27483016,107.24973842,Asia/Jakarta,2025-07-18 11:47:48.252,2025-07-18 11:47:48.252
"32.16.12.2007",Kedungwaringin,Kedung Waringin,Bekasi,Jawa Barat,-6.25930279,107.26847816,Asia/Jakarta,2025-07-18 11:47:48.296,2025-07-18 11:47:48.296
"32.16.13.2001",Karangharja,Pebayuran,Bekasi,Jawa Barat,-6.10857919,107.21315631,Asia/Jakarta,2025-07-18 11:47:48.410,2025-07-18 11:47:48.410
"32.16.13.2002",Karangsegar,Pebayuran,Bekasi,Jawa Barat,-6.12851889,107.23083809,Asia/Jakarta,2025-07-18 11:47:48.449,2025-07-18 11:47:48.449
"32.16.13.2003",Sumberurip,Pebayuran,Bekasi,Jawa Barat,-6.12206810,107.25941923,Asia/Jakarta,2025-07-18 11:47:48.486,2025-07-18 11:47:48.486
"32.16.13.2004",Sumbereja,Pebayuran,Bekasi,Jawa Barat,-6.13932847,107.26566000,Asia/Jakarta,2025-07-18 11:47:48.517,2025-07-18 11:47:48.517
"32.16.13.2005",Karangreja,Pebayuran,Bekasi,Jawa Barat,-6.15612147,107.22798476,Asia/Jakarta,2025-07-18 11:47:48.555,2025-07-18 11:47:48.555
"32.16.13.2006",Karangjaya,Pebayuran,Bekasi,Jawa Barat,-6.15584978,107.24785911,Asia/Jakarta,2025-07-18 11:47:48.597,2025-07-18 11:47:48.597
"32.16.13.2007",Sumbersari,Pebayuran,Bekasi,Jawa Barat,-6.15614733,107.27297771,Asia/Jakarta,2025-07-18 11:47:48.648,2025-07-18 11:47:48.648
"32.16.13.2008",Karangpatri,Pebayuran,Bekasi,Jawa Barat,-6.18368407,107.24521377,Asia/Jakarta,2025-07-18 11:47:48.689,2025-07-18 11:47:48.689
"32.16.13.2009",Karanghaur,Pebayuran,Bekasi,Jawa Barat,-6.17477725,107.27047241,Asia/Jakarta,2025-07-18 11:47:48.721,2025-07-18 11:47:48.721
"32.16.13.2010",Kertajaya,Pebayuran,Bekasi,Jawa Barat,-6.18941297,107.28067982,Asia/Jakarta,2025-07-18 11:47:48.753,2025-07-18 11:47:48.753
"32.16.13.1011",Kertasari,Pebayuran,Bekasi,Jawa Barat,-6.20517068,107.28068452,Asia/Jakarta,2025-07-18 11:47:48.792,2025-07-18 11:47:48.792
"32.16.13.2012",Bantarsari,Pebayuran,Bekasi,Jawa Barat,-6.20477267,107.24683621,Asia/Jakarta,2025-07-18 11:47:48.826,2025-07-18 11:47:48.826
"32.16.13.2013",Bantarjaya,Pebayuran,Bekasi,Jawa Barat,-6.21752101,107.26734790,Asia/Jakarta,2025-07-18 11:47:48.855,2025-07-18 11:47:48.855
"32.16.14.2001",Sukamurni,Sukakarya,Bekasi,Jawa Barat,-6.12477880,107.14763048,Asia/Jakarta,2025-07-18 11:47:49.313,2025-07-18 11:47:49.313
"32.16.14.2002",Sukaindah,Sukakarya,Bekasi,Jawa Barat,-6.11793751,107.16013625,Asia/Jakarta,2025-07-18 11:47:49.352,2025-07-18 11:47:49.352
"32.16.14.2003",Sukakarya,Sukakarya,Bekasi,Jawa Barat,-6.13509145,107.17843111,Asia/Jakarta,2025-07-18 11:47:49.400,2025-07-18 11:47:49.400
"32.16.14.2004",Sukalaksana,Sukakarya,Bekasi,Jawa Barat,-6.15577516,107.20822665,Asia/Jakarta,2025-07-18 11:47:49.435,2025-07-18 11:47:49.435
"32.16.14.2005",Sukajadi,Sukakarya,Bekasi,Jawa Barat,-6.17092981,107.19756430,Asia/Jakarta,2025-07-18 11:47:49.476,2025-07-18 11:47:49.476
"32.16.14.2006",Sukakarsa,Sukakarya,Bekasi,Jawa Barat,-6.12620313,107.19429364,Asia/Jakarta,2025-07-18 11:47:49.502,2025-07-18 11:47:49.502
"32.16.14.2007",Sukamakmur,Sukakarya,Bekasi,Jawa Barat,-6.18494306,107.21874210,Asia/Jakarta,2025-07-18 11:47:49.546,2025-07-18 11:47:49.546
"32.16.16.2007",Lenggahjaya,Cabangbungin,Bekasi,Jawa Barat,-6.07949010,107.15359327,Asia/Jakarta,2025-07-18 11:47:49.613,2025-07-18 11:47:49.613
"32.16.16.2008",Lenggahsari,Cabangbungin,Bekasi,Jawa Barat,-6.04935520,107.10823583,Asia/Jakarta,2025-07-18 11:47:49.645,2025-07-18 11:47:49.645
"32.16.17.2001",Pantai Mekar,Muaragembong,Bekasi,Jawa Barat,-6.00602055,107.04219911,Asia/Jakarta,2025-07-18 11:47:49.694,2025-07-18 11:47:49.694
"32.16.17.2002",Pantai Bahagia,Muaragembong,Bekasi,Jawa Barat,-5.95184186,107.02420776,Asia/Jakarta,2025-07-18 11:47:49.736,2025-07-18 11:47:49.736
"32.16.17.2003",Pantai Bakti,Muaragembong,Bekasi,Jawa Barat,-5.96394642,107.07460241,Asia/Jakarta,2025-07-18 11:47:49.780,2025-07-18 11:47:49.780
"32.16.17.2004",Pantai Harapanjaya,Muaragembong,Bekasi,Jawa Barat,-6.04727886,107.04801267,Asia/Jakarta,2025-07-18 11:47:49.808,2025-07-18 11:47:49.808
"32.16.17.2005",Pantai Sederhana,Muaragembong,Bekasi,Jawa Barat,-5.99533633,107.01777712,Asia/Jakarta,2025-07-18 11:47:49.850,2025-07-18 11:47:49.850
"32.16.17.2006",Jayasakti,Muaragembong,Bekasi,Jawa Barat,-6.02107890,107.07912357,Asia/Jakarta,2025-07-18 11:47:49.887,2025-07-18 11:47:49.887
"32.16.18.2001",Cijengkol,Setu,Bekasi,Jawa Barat,-6.32070633,107.04110980,Asia/Jakarta,2025-07-18 11:47:50.005,2025-07-18 11:47:50.005
"32.16.18.2002",Lubangbuaya,Setu,Bekasi,Jawa Barat,-6.32050223,107.05103555,Asia/Jakarta,2025-07-18 11:47:50.053,2025-07-18 11:47:50.053
"32.16.18.2003",Burangkeng,Setu,Bekasi,Jawa Barat,-6.34151108,107.02537071,Asia/Jakarta,2025-07-18 11:47:50.089,2025-07-18 11:47:50.089
"32.16.18.2004",Ciledug,Setu,Bekasi,Jawa Barat,-6.35081789,107.04304044,Asia/Jakarta,2025-07-18 11:47:50.145,2025-07-18 11:47:50.145
"32.16.18.2005",Cibening,Setu,Bekasi,Jawa Barat,-6.35305585,107.06305526,Asia/Jakarta,2025-07-18 11:47:50.202,2025-07-18 11:47:50.202
"32.16.18.2006",Taman Sari,Setu,Bekasi,Jawa Barat,-6.36438761,107.02735445,Asia/Jakarta,2025-07-18 11:47:50.255,2025-07-18 11:47:50.255
"32.16.18.2007",Taman Rahayu,Setu,Bekasi,Jawa Barat,-6.36721635,107.00261650,Asia/Jakarta,2025-07-18 11:47:50.289,2025-07-18 11:47:50.289
"32.16.18.2008",Cikarageman,Setu,Bekasi,Jawa Barat,-6.37747584,107.03087586,Asia/Jakarta,2025-07-18 11:47:50.325,2025-07-18 11:47:50.325
"32.16.18.2009",Ragemanunggal,Setu,Bekasi,Jawa Barat,-6.39153969,107.01788603,Asia/Jakarta,2025-07-18 11:47:50.362,2025-07-18 11:47:50.362
"32.16.18.2010",Muktijaya,Setu,Bekasi,Jawa Barat,-6.39717344,107.03876056,Asia/Jakarta,2025-07-18 11:47:50.405,2025-07-18 11:47:50.405
"32.16.18.2011",Kertarahayu,Setu,Bekasi,Jawa Barat,-6.38048611,107.05903459,Asia/Jakarta,2025-07-18 11:47:50.437,2025-07-18 11:47:50.437
"32.16.19.2001",Cibatu,Cikarang Selatan,Bekasi,Jawa Barat,-6.33781206,107.15414205,Asia/Jakarta,2025-07-18 11:47:50.644,2025-07-18 11:47:50.644
"32.16.19.2002",Sukasejati,Cikarang Selatan,Bekasi,Jawa Barat,-6.35154541,107.08444875,Asia/Jakarta,2025-07-18 11:47:50.677,2025-07-18 11:47:50.677
"32.16.19.2003",Ciantra,Cikarang Selatan,Bekasi,Jawa Barat,-6.34786135,107.10246084,Asia/Jakarta,2025-07-18 11:47:50.714,2025-07-18 11:47:50.714
"32.16.19.2004",Sukadami,Cikarang Selatan,Bekasi,Jawa Barat,-6.36150513,107.11193290,Asia/Jakarta,2025-07-18 11:47:50.747,2025-07-18 11:47:50.747
"32.16.19.2005",Sukaresmi,Cikarang Selatan,Bekasi,Jawa Barat,-6.32452038,107.12116153,Asia/Jakarta,2025-07-18 11:47:50.775,2025-07-18 11:47:50.775
"32.16.19.2006",Serang,Cikarang Selatan,Bekasi,Jawa Barat,-6.35206643,107.12924059,Asia/Jakarta,2025-07-18 11:47:50.811,2025-07-18 11:47:50.811
"32.16.19.2007",Pasirsari,Cikarang Selatan,Bekasi,Jawa Barat,-6.31139807,107.14812941,Asia/Jakarta,2025-07-18 11:47:50.843,2025-07-18 11:47:50.843
"32.16.20.2001",Cicau,Cikarang Pusat,Bekasi,Jawa Barat,-6.36792230,107.15032379,Asia/Jakarta,2025-07-18 11:47:50.977,2025-07-18 11:47:50.977
"32.16.20.2002",Sukamahi,Cikarang Pusat,Bekasi,Jawa Barat,-6.37591639,107.18053762,Asia/Jakarta,2025-07-18 11:47:51.035,2025-07-18 11:47:51.035
"32.16.20.2003",Pasiranji,Cikarang Pusat,Bekasi,Jawa Barat,-6.37400891,107.20250670,Asia/Jakarta,2025-07-18 11:47:51.076,2025-07-18 11:47:51.076
"32.16.20.2004",Hegarmukti,Cikarang Pusat,Bekasi,Jawa Barat,-6.34016985,107.18896684,Asia/Jakarta,2025-07-18 11:47:51.109,2025-07-18 11:47:51.109
"32.16.20.2005",Jayamukti,Cikarang Pusat,Bekasi,Jawa Barat,-6.33071066,107.17290736,Asia/Jakarta,2025-07-18 11:47:51.151,2025-07-18 11:47:51.151
"32.16.20.2006",Pasirtanjung,Cikarang Pusat,Bekasi,Jawa Barat,-6.33967019,107.21210798,Asia/Jakarta,2025-07-18 11:47:51.189,2025-07-18 11:47:51.189
"32.16.21.2001",Sukaragam,Serang Baru,Bekasi,Jawa Barat,-6.39350754,107.10784917,Asia/Jakarta,2025-07-18 11:47:51.324,2025-07-18 11:47:51.324
"32.16.21.2002",Sirnajaya,Serang Baru,Bekasi,Jawa Barat,-6.40531025,107.12467098,Asia/Jakarta,2025-07-18 11:47:51.379,2025-07-18 11:47:51.379
"32.16.21.2003",Sukasari,Serang Baru,Bekasi,Jawa Barat,-6.38086881,107.10528981,Asia/Jakarta,2025-07-18 11:47:51.406,2025-07-18 11:47:51.406
"32.16.21.2004",Jayamulya,Serang Baru,Bekasi,Jawa Barat,-6.41044110,107.06955869,Asia/Jakarta,2025-07-18 11:47:51.440,2025-07-18 11:47:51.440
"32.16.21.2005",Nagacipta,Serang Baru,Bekasi,Jawa Barat,-6.41675332,107.13624185,Asia/Jakarta,2025-07-18 11:47:51.477,2025-07-18 11:47:51.477
"32.16.21.2006",Nagasari,Serang Baru,Bekasi,Jawa Barat,-6.39928449,107.16041458,Asia/Jakarta,2025-07-18 11:47:51.512,2025-07-18 11:47:51.512
"32.16.21.2007",Cilangkara,Serang Baru,Bekasi,Jawa Barat,-6.38708282,107.13781134,Asia/Jakarta,2025-07-18 11:47:51.550,2025-07-18 11:47:51.550
"32.16.21.2008",Jayasampurna,Serang Baru,Bekasi,Jawa Barat,-6.38054975,107.07995753,Asia/Jakarta,2025-07-18 11:47:51.595,2025-07-18 11:47:51.595
"32.16.22.2001",Sirnajati,Cibarusah,Bekasi,Jawa Barat,-6.44651277,107.10170859,Asia/Jakarta,2025-07-18 11:47:51.751,2025-07-18 11:47:51.751
"32.16.22.2002",Ridogalih,Cibarusah,Bekasi,Jawa Barat,-6.44504914,107.13247011,Asia/Jakarta,2025-07-18 11:47:51.785,2025-07-18 11:47:51.785
"32.16.22.2003",Ridomanah,Cibarusah,Bekasi,Jawa Barat,-6.43378680,107.14111134,Asia/Jakarta,2025-07-18 11:47:51.827,2025-07-18 11:47:51.827
"32.16.22.2004",Wibawamulya,Cibarusah,Bekasi,Jawa Barat,-6.41801668,107.10748076,Asia/Jakarta,2025-07-18 11:47:51.867,2025-07-18 11:47:51.867
"32.16.22.2005",Cibarusah Kota,Cibarusah,Bekasi,Jawa Barat,-6.43433412,107.08103511,Asia/Jakarta,2025-07-18 11:47:51.895,2025-07-18 11:47:51.895
"32.16.22.2006",Cibarusah Jaya,Cibarusah,Bekasi,Jawa Barat,-6.42927261,107.06723367,Asia/Jakarta,2025-07-18 11:47:51.935,2025-07-18 11:47:51.935
"32.16.22.2007",Sindangmulya,Cibarusah,Bekasi,Jawa Barat,-6.41758508,107.09024466,Asia/Jakarta,2025-07-18 11:47:51.978,2025-07-18 11:47:51.978
"32.16.15.2001",Sukamulya,Sukatani,Bekasi,Jawa Barat,-6.16125884,107.17184881,Asia/Jakarta,2025-07-18 11:47:54.673,2025-07-18 11:47:54.673
"32.16.15.2002",Sukamanah,Sukatani,Bekasi,Jawa Barat,-6.19186285,107.16840514,Asia/Jakarta,2025-07-18 11:47:54.700,2025-07-18 11:47:54.700
"32.16.15.2003",Sukahurip,Sukatani,Bekasi,Jawa Barat,-6.18961095,107.15501721,Asia/Jakarta,2025-07-18 11:47:54.737,2025-07-18 11:47:54.737
"32.16.15.2004",Sukaasih,Sukatani,Bekasi,Jawa Barat,-6.21833768,107.13965894,Asia/Jakarta,2025-07-18 11:47:54.771,2025-07-18 11:47:54.771
"32.16.15.2005",Sukarukun,Sukatani,Bekasi,Jawa Barat,-6.22929674,107.15569761,Asia/Jakarta,2025-07-18 11:47:54.816,2025-07-18 11:47:54.816
"32.16.15.2006",Banjarsari,Sukatani,Bekasi,Jawa Barat,-6.19010303,107.13968028,Asia/Jakarta,2025-07-18 11:47:54.847,2025-07-18 11:47:54.847
"32.16.15.2007",Sukadarma,Sukatani,Bekasi,Jawa Barat,-6.16000242,107.18478683,Asia/Jakarta,2025-07-18 11:47:54.897,2025-07-18 11:47:54.897
"32.16.16.2001",Jayabakti,Cabangbungin,Bekasi,Jawa Barat,-6.07983098,107.10258440,Asia/Jakarta,2025-07-18 11:47:55.065,2025-07-18 11:47:55.065
"32.16.16.2002",Jayalaksana,Cabangbungin,Bekasi,Jawa Barat,-6.09850897,107.18284435,Asia/Jakarta,2025-07-18 11:47:55.108,2025-07-18 11:47:55.108
"32.16.16.2003",Sindangsari,Cabangbungin,Bekasi,Jawa Barat,-6.09843049,107.15692106,Asia/Jakarta,2025-07-18 11:47:55.149,2025-07-18 11:47:55.149
"32.16.16.2004",Sindangjaya,Cabangbungin,Bekasi,Jawa Barat,-6.08738354,107.12758128,Asia/Jakarta,2025-07-18 11:47:55.190,2025-07-18 11:47:55.190
"32.16.16.2005",Setialaksana,Cabangbungin,Bekasi,Jawa Barat,-6.08727367,107.17063119,Asia/Jakarta,2025-07-18 11:47:55.225,2025-07-18 11:47:55.225
"32.16.16.2006",Setiajaya,Cabangbungin,Bekasi,Jawa Barat,-6.06865163,107.12770054,Asia/Jakarta,2025-07-18 11:47:55.269,2025-07-18 11:47:55.269
"32.16.23.2001",Karangmulya,Bojongmangu,Bekasi,Jawa Barat,-6.46393236,107.17706975,Asia/Jakarta,2025-07-18 11:47:56.213,2025-07-18 11:47:56.213
"32.16.23.2002",Karangindah,Bojongmangu,Bekasi,Jawa Barat,-6.46248298,107.14358663,Asia/Jakarta,2025-07-18 11:47:56.253,2025-07-18 11:47:56.253
"32.16.23.2003",Bojongmangu,Bojongmangu,Bekasi,Jawa Barat,-6.44170093,107.19228512,Asia/Jakarta,2025-07-18 11:47:56.289,2025-07-18 11:47:56.289
"32.16.23.2004",Sukabungah,Bojongmangu,Bekasi,Jawa Barat,-6.40838490,107.20495756,Asia/Jakarta,2025-07-18 11:47:56.324,2025-07-18 11:47:56.324
"32.16.23.2005",Sukamukti,Bojongmangu,Bekasi,Jawa Barat,-6.40957200,107.18029473,Asia/Jakarta,2025-07-18 11:47:56.380,2025-07-18 11:47:56.380
"32.16.23.2006",Medalkrisna,Bojongmangu,Bekasi,Jawa Barat,-6.42969830,107.16163947,Asia/Jakarta,2025-07-18 11:47:56.413,2025-07-18 11:47:56.413
"32.17.01.2001",Pagerwangi,Lembang,Bandung Barat,Jawa Barat,-6.83793898,107.62491434,Asia/Jakarta,2025-07-18 11:47:56.736,2025-07-18 11:47:56.736
"32.17.01.2002",Kayuambon,Lembang,Bandung Barat,Jawa Barat,-6.81846414,107.63431408,Asia/Jakarta,2025-07-18 11:47:56.768,2025-07-18 11:47:56.768
"32.17.01.2003",Lembang,Lembang,Bandung Barat,Jawa Barat,-6.82074253,107.61959043,Asia/Jakarta,2025-07-18 11:47:56.800,2025-07-18 11:47:56.800
"32.17.01.2004",Cikidang,Lembang,Bandung Barat,Jawa Barat,-6.79264741,107.66256043,Asia/Jakarta,2025-07-18 11:47:56.835,2025-07-18 11:47:56.835
"32.17.01.2005",Cikahuripan,Lembang,Bandung Barat,Jawa Barat,-6.79257452,107.60911925,Asia/Jakarta,2025-07-18 11:47:56.869,2025-07-18 11:47:56.869
"32.17.01.2006",Cikole,Lembang,Bandung Barat,Jawa Barat,-6.78901204,107.64409679,Asia/Jakarta,2025-07-18 11:47:56.915,2025-07-18 11:47:56.915
"32.17.01.2007",Gudangkahuripan,Lembang,Bandung Barat,Jawa Barat,-6.83007701,107.60504526,Asia/Jakarta,2025-07-18 11:47:56.955,2025-07-18 11:47:56.955
"32.17.01.2008",Jayagiri,Lembang,Bandung Barat,Jawa Barat,-6.78938618,107.62231389,Asia/Jakarta,2025-07-18 11:47:56.996,2025-07-18 11:47:56.996
"32.17.01.2009",Cibodas,Lembang,Bandung Barat,Jawa Barat,-6.82389116,107.67606669,Asia/Jakarta,2025-07-18 11:47:57.049,2025-07-18 11:47:57.049
"32.17.01.2010",Langensari,Lembang,Bandung Barat,Jawa Barat,-6.82641175,107.64472695,Asia/Jakarta,2025-07-18 11:47:57.090,2025-07-18 11:47:57.090
"32.17.01.2011",Mekarwangi,Lembang,Bandung Barat,Jawa Barat,-6.84551090,107.63816370,Asia/Jakarta,2025-07-18 11:47:57.133,2025-07-18 11:47:57.133
"32.17.01.2012",Cibogo,Lembang,Bandung Barat,Jawa Barat,-6.80800931,107.63829259,Asia/Jakarta,2025-07-18 11:47:57.172,2025-07-18 11:47:57.172
"32.17.01.2013",Sukajaya,Lembang,Bandung Barat,Jawa Barat,-6.79061979,107.59979537,Asia/Jakarta,2025-07-18 11:47:57.210,2025-07-18 11:47:57.210
"32.17.01.2014",Suntenjaya,Lembang,Bandung Barat,Jawa Barat,-6.81625812,107.71002892,Asia/Jakarta,2025-07-18 11:47:57.240,2025-07-18 11:47:57.240
"32.17.01.2015",Wangunharja,Lembang,Bandung Barat,Jawa Barat,-6.80914585,107.67173427,Asia/Jakarta,2025-07-18 11:47:57.294,2025-07-18 11:47:57.294
"32.17.01.2016",Wangunsari,Lembang,Bandung Barat,Jawa Barat,-6.84256980,107.60979635,Asia/Jakarta,2025-07-18 11:47:57.329,2025-07-18 11:47:57.329
"32.17.02.2001",Karyawangi,Parongpong,Bandung Barat,Jawa Barat,-6.76696792,107.58821089,Asia/Jakarta,2025-07-18 11:47:57.799,2025-07-18 11:47:57.799
"32.17.02.2002",Cihanjuang,Parongpong,Bandung Barat,Jawa Barat,-6.85000265,107.56877061,Asia/Jakarta,2025-07-18 11:47:57.834,2025-07-18 11:47:57.834
"32.17.02.2003",Cihanjuangrahayu,Parongpong,Bandung Barat,Jawa Barat,-6.81789084,107.57479022,Asia/Jakarta,2025-07-18 11:47:57.866,2025-07-18 11:47:57.866
"32.17.02.2004",Cihideung,Parongpong,Bandung Barat,Jawa Barat,-6.81782153,107.59246288,Asia/Jakarta,2025-07-18 11:47:57.927,2025-07-18 11:47:57.927
"32.17.02.2005",Ciwaruga,Parongpong,Bandung Barat,Jawa Barat,-6.85992565,107.57931282,Asia/Jakarta,2025-07-18 11:47:57.957,2025-07-18 11:47:57.957
"32.17.02.2006",Cigugurgirang,Parongpong,Bandung Barat,Jawa Barat,-6.83132313,107.58554812,Asia/Jakarta,2025-07-18 11:47:57.996,2025-07-18 11:47:57.996
"32.17.02.2007",Sariwangi,Parongpong,Bandung Barat,Jawa Barat,-6.86140195,107.57095976,Asia/Jakarta,2025-07-18 11:47:58.051,2025-07-18 11:47:58.051
"32.17.03.2001",Jambudipa,Cisarua,Bandung Barat,Jawa Barat,-6.82079073,107.55661213,Asia/Jakarta,2025-07-18 11:47:58.186,2025-07-18 11:47:58.186
"32.17.03.2002",Padaasih,Cisarua,Bandung Barat,Jawa Barat,-6.83587284,107.56164045,Asia/Jakarta,2025-07-18 11:47:58.230,2025-07-18 11:47:58.230
"32.17.03.2003",Pasirhalang,Cisarua,Bandung Barat,Jawa Barat,-6.82256927,107.53332377,Asia/Jakarta,2025-07-18 11:47:58.274,2025-07-18 11:47:58.274
"32.17.03.2004",Pasirlangu,Cisarua,Bandung Barat,Jawa Barat,-6.79325478,107.53868267,Asia/Jakarta,2025-07-18 11:47:58.323,2025-07-18 11:47:58.323
"32.17.03.2005",Cipada,Cisarua,Bandung Barat,Jawa Barat,-6.78390015,107.52031296,Asia/Jakarta,2025-07-18 11:47:58.369,2025-07-18 11:47:58.369
"32.17.03.2006",Kertawangi,Cisarua,Bandung Barat,Jawa Barat,-6.77275792,107.57136239,Asia/Jakarta,2025-07-18 11:47:58.404,2025-07-18 11:47:58.404
"32.17.03.2007",Tugumukti,Cisarua,Bandung Barat,Jawa Barat,-6.80197387,107.54751723,Asia/Jakarta,2025-07-18 11:47:58.445,2025-07-18 11:47:58.445
"32.17.03.2008",Sadangmekar,Cisarua,Bandung Barat,Jawa Barat,-6.78917194,107.49494875,Asia/Jakarta,2025-07-18 11:47:58.480,2025-07-18 11:47:58.480
"32.17.05.2005",Jatimekar,Cipeundeuy,Bandung Barat,Jawa Barat,-6.75014635,107.37517829,Asia/Jakarta,2025-07-18 11:47:58.610,2025-07-18 11:47:58.610
"32.17.05.2006",Margalaksana,Cipeundeuy,Bandung Barat,Jawa Barat,-6.72973355,107.33245662,Asia/Jakarta,2025-07-18 11:47:58.659,2025-07-18 11:47:58.659
"32.17.05.2007",Margaluyu,Cipeundeuy,Bandung Barat,Jawa Barat,-6.76675312,107.30845005,Asia/Jakarta,2025-07-18 11:47:58.695,2025-07-18 11:47:58.695
"32.17.05.2008",Nanggeleng,Cipeundeuy,Bandung Barat,Jawa Barat,-6.77782346,107.35119077,Asia/Jakarta,2025-07-18 11:47:58.739,2025-07-18 11:47:58.739
"32.17.05.2009",Nyenang,Cipeundeuy,Bandung Barat,Jawa Barat,-6.74766950,107.34564849,Asia/Jakarta,2025-07-18 11:47:58.770,2025-07-18 11:47:58.770
"32.17.05.2010",Sirnaraja,Cipeundeuy,Bandung Barat,Jawa Barat,-6.78141395,107.38631650,Asia/Jakarta,2025-07-18 11:47:58.820,2025-07-18 11:47:58.820
"32.17.05.2011",Sirnagalih,Cipeundeuy,Bandung Barat,Jawa Barat,-6.71251103,107.36693010,Asia/Jakarta,2025-07-18 11:47:58.855,2025-07-18 11:47:58.855
"32.17.05.2012",Sukahaji,Cipeundeuy,Bandung Barat,Jawa Barat,-6.73143662,107.36889152,Asia/Jakarta,2025-07-18 11:47:58.904,2025-07-18 11:47:58.904
"32.17.05.2001",Cipeundeuy,Cipeundeuy,Bandung Barat,Jawa Barat,-6.73848226,107.35741026,Asia/Jakarta,2025-07-18 11:47:58.947,2025-07-18 11:47:58.947
"32.17.05.2002",Ciharashas,Cipeundeuy,Bandung Barat,Jawa Barat,-6.72498605,107.38226707,Asia/Jakarta,2025-07-18 11:47:58.992,2025-07-18 11:47:58.992
"32.17.05.2003",Bojongmekar,Cipeundeuy,Bandung Barat,Jawa Barat,-6.75461931,107.35117529,Asia/Jakarta,2025-07-18 11:47:59.025,2025-07-18 11:47:59.025
"32.17.05.2004",Ciroyom,Cipeundeuy,Bandung Barat,Jawa Barat,-6.70740535,107.34963691,Asia/Jakarta,2025-07-18 11:47:59.060,2025-07-18 11:47:59.060
"32.17.06.2001",Ngamprah,Ngamprah,Bandung Barat,Jawa Barat,-6.83163889,107.50673049,Asia/Jakarta,2025-07-18 11:47:59.273,2025-07-18 11:47:59.273
"32.17.06.2002",Cimareme,Ngamprah,Bandung Barat,Jawa Barat,-6.86851694,107.50326036,Asia/Jakarta,2025-07-18 11:47:59.301,2025-07-18 11:47:59.301
"32.17.06.2003",Cilame,Ngamprah,Bandung Barat,Jawa Barat,-6.84427631,107.52118664,Asia/Jakarta,2025-07-18 11:47:59.337,2025-07-18 11:47:59.337
"32.17.06.2004",Tanimulya,Ngamprah,Bandung Barat,Jawa Barat,-6.85944025,107.52660330,Asia/Jakarta,2025-07-18 11:47:59.369,2025-07-18 11:47:59.369
"32.17.06.2005",Cimanggu,Ngamprah,Bandung Barat,Jawa Barat,-6.81476177,107.51069091,Asia/Jakarta,2025-07-18 11:47:59.431,2025-07-18 11:47:59.431
"32.17.06.2006",Bojongkoneng,Ngamprah,Bandung Barat,Jawa Barat,-6.81471645,107.49494799,Asia/Jakarta,2025-07-18 11:47:59.492,2025-07-18 11:47:59.492
"32.17.06.2007",Margajaya,Ngamprah,Bandung Barat,Jawa Barat,-6.85366970,107.50239728,Asia/Jakarta,2025-07-18 11:47:59.535,2025-07-18 11:47:59.535
"32.17.06.2008",Mekarsari,Ngamprah,Bandung Barat,Jawa Barat,-6.84306579,107.50827146,Asia/Jakarta,2025-07-18 11:47:59.573,2025-07-18 11:47:59.573
"32.17.06.2009",Gadobangkong,Ngamprah,Bandung Barat,Jawa Barat,-6.86953452,107.51648188,Asia/Jakarta,2025-07-18 11:47:59.623,2025-07-18 11:47:59.623
"32.17.06.2010",Sukatani,Ngamprah,Bandung Barat,Jawa Barat,-6.83221241,107.49470827,Asia/Jakarta,2025-07-18 11:47:59.674,2025-07-18 11:47:59.674
"32.17.06.2011",Pakuhaji,Ngamprah,Bandung Barat,Jawa Barat,-6.83734761,107.53720780,Asia/Jakarta,2025-07-18 11:47:59.709,2025-07-18 11:47:59.709
"32.17.07.2001",Ciptaharja,Cipatat,Bandung Barat,Jawa Barat,-6.85393065,107.37633876,Asia/Jakarta,2025-07-18 11:47:59.891,2025-07-18 11:47:59.891
"32.17.07.2002",Cipatat,Cipatat,Bandung Barat,Jawa Barat,-6.83736874,107.38994592,Asia/Jakarta,2025-07-18 11:47:59.922,2025-07-18 11:47:59.922
"32.17.07.2003",Citatah,Cipatat,Bandung Barat,Jawa Barat,-6.83948297,107.41523192,Asia/Jakarta,2025-07-18 11:47:59.955,2025-07-18 11:47:59.955
"32.17.07.2004",Rajamandalakulon,Cipatat,Bandung Barat,Jawa Barat,-6.85323587,107.35112998,Asia/Jakarta,2025-07-18 11:47:59.989,2025-07-18 11:47:59.989
"32.17.07.2005",Mandalawangi,Cipatat,Bandung Barat,Jawa Barat,-6.83590007,107.33479372,Asia/Jakarta,2025-07-18 11:48:00.040,2025-07-18 11:48:00.040
"32.17.07.2006",Kertamukti,Cipatat,Bandung Barat,Jawa Barat,-6.80858050,107.37818463,Asia/Jakarta,2025-07-18 11:48:00.077,2025-07-18 11:48:00.077
"32.17.07.2007",Nyalindung,Cipatat,Bandung Barat,Jawa Barat,-6.78972796,107.44239029,Asia/Jakarta,2025-07-18 11:48:00.118,2025-07-18 11:48:00.118
"32.17.07.2008",Gunungmasigit,Cipatat,Bandung Barat,Jawa Barat,-6.83555168,107.43867268,Asia/Jakarta,2025-07-18 11:48:00.155,2025-07-18 11:48:00.155
"32.17.07.2009",Cirawamekar,Cipatat,Bandung Barat,Jawa Barat,-6.81031395,107.42806078,Asia/Jakarta,2025-07-18 11:48:00.235,2025-07-18 11:48:00.235
"32.17.07.2010",Mandalasari,Cipatat,Bandung Barat,Jawa Barat,-6.82435145,107.33384495,Asia/Jakarta,2025-07-18 11:48:00.286,2025-07-18 11:48:00.286
"32.17.07.2011",Sumurbandung,Cipatat,Bandung Barat,Jawa Barat,-6.78982859,107.41738379,Asia/Jakarta,2025-07-18 11:48:00.319,2025-07-18 11:48:00.319
"32.17.07.2012",Sarimukti,Cipatat,Bandung Barat,Jawa Barat,-6.80738221,107.34060238,Asia/Jakarta,2025-07-18 11:48:00.346,2025-07-18 11:48:00.346
"32.17.08.2001",Kertamulya,Padalarang,Bandung Barat,Jawa Barat,-6.84350628,107.48717177,Asia/Jakarta,2025-07-18 11:48:00.539,2025-07-18 11:48:00.539
"32.17.08.2002",Padalarang,Padalarang,Bandung Barat,Jawa Barat,-6.84113912,107.46498493,Asia/Jakarta,2025-07-18 11:48:00.574,2025-07-18 11:48:00.574
"32.17.08.2003",Cimerang,Padalarang,Bandung Barat,Jawa Barat,-6.87859786,107.48170700,Asia/Jakarta,2025-07-18 11:48:00.604,2025-07-18 11:48:00.604
"32.17.08.2004",Campaka Mekar,Padalarang,Bandung Barat,Jawa Barat,-6.80149585,107.46011948,Asia/Jakarta,2025-07-18 11:48:00.644,2025-07-18 11:48:00.644
"32.17.08.2005",Tagogapu,Padalarang,Bandung Barat,Jawa Barat,-6.80549665,107.48097137,Asia/Jakarta,2025-07-18 11:48:00.689,2025-07-18 11:48:00.689
"32.17.08.2006",Ciburuy,Padalarang,Bandung Barat,Jawa Barat,-6.82618714,107.46681760,Asia/Jakarta,2025-07-18 11:48:00.724,2025-07-18 11:48:00.724
"32.17.08.2007",Kertajaya,Padalarang,Bandung Barat,Jawa Barat,-6.85643714,107.48207294,Asia/Jakarta,2025-07-18 11:48:00.768,2025-07-18 11:48:00.768
"32.17.08.2008",Cipeundeuy,Padalarang,Bandung Barat,Jawa Barat,-6.86946053,107.47745525,Asia/Jakarta,2025-07-18 11:48:00.802,2025-07-18 11:48:00.802
"32.17.08.2009",Jayamekar,Padalarang,Bandung Barat,Jawa Barat,-6.85143448,107.45878090,Asia/Jakarta,2025-07-18 11:48:00.832,2025-07-18 11:48:00.832
"32.17.08.2010",Laksanamekar,Padalarang,Bandung Barat,Jawa Barat,-6.88219936,107.50346105,Asia/Jakarta,2025-07-18 11:48:00.874,2025-07-18 11:48:00.874
"32.17.09.2001",Batujajar Timur,Batujajar,Bandung Barat,Jawa Barat,-6.91365244,107.51020578,Asia/Jakarta,2025-07-18 11:48:01.050,2025-07-18 11:48:01.050
"32.17.09.2002",Batujajar Barat,Batujajar,Bandung Barat,Jawa Barat,-6.92182751,107.49292150,Asia/Jakarta,2025-07-18 11:48:01.092,2025-07-18 11:48:01.092
"32.17.09.2004",Galanggang,Batujajar,Bandung Barat,Jawa Barat,-6.91030687,107.48391098,Asia/Jakarta,2025-07-18 11:48:01.136,2025-07-18 11:48:01.136
"32.17.09.2005",Cangkorah,Batujajar,Bandung Barat,Jawa Barat,-6.89435582,107.47423840,Asia/Jakarta,2025-07-18 11:48:01.183,2025-07-18 11:48:01.183
"32.17.09.2007",Selacau,Batujajar,Bandung Barat,Jawa Barat,-6.92888520,107.51198794,Asia/Jakarta,2025-07-18 11:48:01.218,2025-07-18 11:48:01.218
"32.17.09.2008",Pangauban,Batujajar,Bandung Barat,Jawa Barat,-6.90072690,107.45316734,Asia/Jakarta,2025-07-18 11:48:01.271,2025-07-18 11:48:01.271
"32.17.09.2010",Giriasih,Batujajar,Bandung Barat,Jawa Barat,-6.89724751,107.50148144,Asia/Jakarta,2025-07-18 11:48:01.320,2025-07-18 11:48:01.320
"32.17.10.2001",Cipatik,Cihampelas,Bandung Barat,Jawa Barat,-6.94018157,107.50591471,Asia/Jakarta,2025-07-18 11:48:01.453,2025-07-18 11:48:01.453
"32.17.10.2002",Citapen,Cihampelas,Bandung Barat,Jawa Barat,-6.93756717,107.49323924,Asia/Jakarta,2025-07-18 11:48:01.485,2025-07-18 11:48:01.485
"32.17.10.2003",Cihampelas,Cihampelas,Bandung Barat,Jawa Barat,-6.91927441,107.46829878,Asia/Jakarta,2025-07-18 11:48:01.522,2025-07-18 11:48:01.522
"32.17.10.2004",Mekarjaya,Cihampelas,Bandung Barat,Jawa Barat,-6.91326038,107.44103346,Asia/Jakarta,2025-07-18 11:48:01.560,2025-07-18 11:48:01.560
"32.17.10.2005",Mekarmukti,Cihampelas,Bandung Barat,Jawa Barat,-6.93005631,107.46412389,Asia/Jakarta,2025-07-18 11:48:01.595,2025-07-18 11:48:01.595
"32.17.10.2006",Pataruman,Cihampelas,Bandung Barat,Jawa Barat,-6.94447209,107.51975174,Asia/Jakarta,2025-07-18 11:48:01.641,2025-07-18 11:48:01.641
"32.17.10.2007",Situwangi,Cihampelas,Bandung Barat,Jawa Barat,-6.96349740,107.50507620,Asia/Jakarta,2025-07-18 11:48:01.674,2025-07-18 11:48:01.674
"32.17.10.2008",Singajaya,Cihampelas,Bandung Barat,Jawa Barat,-6.95118637,107.47680357,Asia/Jakarta,2025-07-18 11:48:01.708,2025-07-18 11:48:01.708
"32.17.10.2009",Tanjungwangi,Cihampelas,Bandung Barat,Jawa Barat,-6.95559875,107.49062314,Asia/Jakarta,2025-07-18 11:48:01.745,2025-07-18 11:48:01.745
"32.17.10.2010",Tanjungjaya,Cihampelas,Bandung Barat,Jawa Barat,-6.92194095,107.42320123,Asia/Jakarta,2025-07-18 11:48:01.779,2025-07-18 11:48:01.779
"32.17.12.2009",Girimukti,Cipongkor,Bandung Barat,Jawa Barat,-6.98419143,107.36490050,Asia/Jakarta,2025-07-18 11:48:01.884,2025-07-18 11:48:01.884
"32.17.12.2010",Karangsari,Cipongkor,Bandung Barat,Jawa Barat,-6.96538937,107.34326744,Asia/Jakarta,2025-07-18 11:48:01.931,2025-07-18 11:48:01.931
"32.17.12.2011",Mekarsari,Cipongkor,Bandung Barat,Jawa Barat,-6.94330305,107.37052051,Asia/Jakarta,2025-07-18 11:48:01.963,2025-07-18 11:48:01.963
"32.17.12.2012",Neglasari,Cipongkor,Bandung Barat,Jawa Barat,-6.96182862,107.36067092,Asia/Jakarta,2025-07-18 11:48:02.034,2025-07-18 11:48:02.034
"32.17.12.2013",Sirnagalih,Cipongkor,Bandung Barat,Jawa Barat,-6.91235196,107.32613374,Asia/Jakarta,2025-07-18 11:48:02.089,2025-07-18 11:48:02.089
"32.17.12.2014",Sukamulya,Cipongkor,Bandung Barat,Jawa Barat,-6.95625690,107.39963140,Asia/Jakarta,2025-07-18 11:48:02.126,2025-07-18 11:48:02.126
"32.17.12.2001",Sarinagen,Cipongkor,Bandung Barat,Jawa Barat,-6.94013220,107.35513748,Asia/Jakarta,2025-07-18 11:48:02.170,2025-07-18 11:48:02.170
"32.17.12.2002",Baranangsiang,Cipongkor,Bandung Barat,Jawa Barat,-6.90581713,107.34513468,Asia/Jakarta,2025-07-18 11:48:02.204,2025-07-18 11:48:02.204
"32.17.12.2003",Citalem,Cipongkor,Bandung Barat,Jawa Barat,-6.94772451,107.38526707,Asia/Jakarta,2025-07-18 11:48:02.237,2025-07-18 11:48:02.237
"32.17.12.2004",Cijenuk,Cipongkor,Bandung Barat,Jawa Barat,-6.97058771,107.37786057,Asia/Jakarta,2025-07-18 11:48:02.283,2025-07-18 11:48:02.283
"32.17.12.2005",Cijambu,Cipongkor,Bandung Barat,Jawa Barat,-6.92962535,107.33969671,Asia/Jakarta,2025-07-18 11:48:02.319,2025-07-18 11:48:02.319
"32.17.12.2006",Cibenda,Cipongkor,Bandung Barat,Jawa Barat,-6.94152423,107.31867825,Asia/Jakarta,2025-07-18 11:48:02.344,2025-07-18 11:48:02.344
"32.17.12.2007",Cintaasih,Cipongkor,Bandung Barat,Jawa Barat,-6.95925038,107.32169306,Asia/Jakarta,2025-07-18 11:48:02.384,2025-07-18 11:48:02.384
"32.17.12.2008",Cicangkanghilir,Cipongkor,Bandung Barat,Jawa Barat,-6.96224596,107.41091842,Asia/Jakarta,2025-07-18 11:48:02.414,2025-07-18 11:48:02.414
"32.17.13.2001",Cibedug,Rongga,Bandung Barat,Jawa Barat,-7.00571913,107.27131258,Asia/Jakarta,2025-07-18 11:48:02.521,2025-07-18 11:48:02.521
"32.17.13.2002",Bojong,Rongga,Bandung Barat,Jawa Barat,-6.98533682,107.26613670,Asia/Jakarta,2025-07-18 11:48:03.701,2025-07-18 11:48:03.701
"32.17.13.2003",Bojongsalam,Rongga,Bandung Barat,Jawa Barat,-6.97224766,107.22864033,Asia/Jakarta,2025-07-18 11:48:03.738,2025-07-18 11:48:03.738
"32.17.13.2004",Cibitung,Rongga,Bandung Barat,Jawa Barat,-6.92815707,107.30301510,Asia/Jakarta,2025-07-18 11:48:03.770,2025-07-18 11:48:03.770
"32.17.13.2005",Cicadas,Rongga,Bandung Barat,Jawa Barat,-6.99806107,107.21324532,Asia/Jakarta,2025-07-18 11:48:03.816,2025-07-18 11:48:03.816
"32.17.13.2006",Cinengah,Rongga,Bandung Barat,Jawa Barat,-6.96729159,107.27699729,Asia/Jakarta,2025-07-18 11:48:03.847,2025-07-18 11:48:03.847
"32.17.13.2007",Sukamanah,Rongga,Bandung Barat,Jawa Barat,-6.98746898,107.29486044,Asia/Jakarta,2025-07-18 11:48:03.884,2025-07-18 11:48:03.884
"32.17.13.2008",Sukaresmi,Rongga,Bandung Barat,Jawa Barat,-6.94479605,107.26463790,Asia/Jakarta,2025-07-18 11:48:03.920,2025-07-18 11:48:03.920
"32.17.14.2001",Cintakarya,Sindangkerta,Bandung Barat,Jawa Barat,-6.99088709,107.39904761,Asia/Jakarta,2025-07-18 11:48:04.061,2025-07-18 11:48:04.061
"32.17.14.2002",Sindangkerta,Sindangkerta,Bandung Barat,Jawa Barat,-6.98034583,107.41306435,Asia/Jakarta,2025-07-18 11:48:04.091,2025-07-18 11:48:04.091
"32.17.14.2003",Buninagara,Sindangkerta,Bandung Barat,Jawa Barat,-7.02995650,107.44003921,Asia/Jakarta,2025-07-18 11:48:04.126,2025-07-18 11:48:04.126
"32.17.14.2004",Cikadu,Sindangkerta,Bandung Barat,Jawa Barat,-6.99607085,107.41619531,Asia/Jakarta,2025-07-18 11:48:04.157,2025-07-18 11:48:04.157
"32.17.14.2005",Cicangkanggirang,Sindangkerta,Bandung Barat,Jawa Barat,-7.00786104,107.37374127,Asia/Jakarta,2025-07-18 11:48:04.203,2025-07-18 11:48:04.203
"32.17.14.2006",Mekarwangi,Sindangkerta,Bandung Barat,Jawa Barat,-7.07163543,107.39327836,Asia/Jakarta,2025-07-18 11:48:04.255,2025-07-18 11:48:04.255
"32.17.14.2007",Pasirpogor,Sindangkerta,Bandung Barat,Jawa Barat,-6.97772520,107.39264922,Asia/Jakarta,2025-07-18 11:48:04.293,2025-07-18 11:48:04.293
"32.17.14.2008",Puncaksari,Sindangkerta,Bandung Barat,Jawa Barat,-6.99001791,107.38999900,Asia/Jakarta,2025-07-18 11:48:04.326,2025-07-18 11:48:04.326
"32.17.14.2009",Rancasenggang,Sindangkerta,Bandung Barat,Jawa Barat,-7.00992936,107.41048299,Asia/Jakarta,2025-07-18 11:48:04.356,2025-07-18 11:48:04.356
"32.17.14.2010",Weninggalih,Sindangkerta,Bandung Barat,Jawa Barat,-7.03312533,107.38258823,Asia/Jakarta,2025-07-18 11:48:04.395,2025-07-18 11:48:04.395
"32.17.14.2011",Wangunsari,Sindangkerta,Bandung Barat,Jawa Barat,-7.03633015,107.41380784,Asia/Jakarta,2025-07-18 11:48:04.426,2025-07-18 11:48:04.426
"32.17.15.2001",Sirnajaya,Gununghalu,Bandung Barat,Jawa Barat,-7.04485576,107.29168336,Asia/Jakarta,2025-07-18 11:48:04.743,2025-07-18 11:48:04.743
"32.17.15.2002",Gununghalu,Gununghalu,Bandung Barat,Jawa Barat,-7.06391317,107.33208830,Asia/Jakarta,2025-07-18 11:48:04.778,2025-07-18 11:48:04.778
"32.17.15.2003",Bunijaya,Gununghalu,Bandung Barat,Jawa Barat,-7.02920628,107.26542150,Asia/Jakarta,2025-07-18 11:48:04.810,2025-07-18 11:48:04.810
"32.17.15.2004",Celak,Gununghalu,Bandung Barat,Jawa Barat,-7.02033311,107.35478584,Asia/Jakarta,2025-07-18 11:48:04.842,2025-07-18 11:48:04.842
"32.17.15.2005",Cilangari,Gununghalu,Bandung Barat,Jawa Barat,-7.04469543,107.22136018,Asia/Jakarta,2025-07-18 11:48:04.880,2025-07-18 11:48:04.880
"32.17.15.2006",Sindangjaya,Gununghalu,Bandung Barat,Jawa Barat,-7.02655486,107.21667824,Asia/Jakarta,2025-07-18 11:48:04.926,2025-07-18 11:48:04.926
"32.17.15.2007",Sukasari,Gununghalu,Bandung Barat,Jawa Barat,-6.98575552,107.34339561,Asia/Jakarta,2025-07-18 11:48:04.958,2025-07-18 11:48:04.958
"32.17.15.2008",Tamanjaya,Gununghalu,Bandung Barat,Jawa Barat,-6.99235225,107.31979872,Asia/Jakarta,2025-07-18 11:48:04.999,2025-07-18 11:48:04.999
"32.17.15.2009",Wargasaluyu,Gununghalu,Bandung Barat,Jawa Barat,-7.01511984,107.33438186,Asia/Jakarta,2025-07-18 11:48:05.029,2025-07-18 11:48:05.029
"32.17.16.2001",Cikande,Saguling,Bandung Barat,Jawa Barat,-6.87589061,107.43229891,Asia/Jakarta,2025-07-18 11:48:05.444,2025-07-18 11:48:05.444
"32.17.16.2002",Jati,Saguling,Bandung Barat,Jawa Barat,-6.89817283,107.39853493,Asia/Jakarta,2025-07-18 11:48:05.498,2025-07-18 11:48:05.498
"32.17.16.2003",Girimukti,Saguling,Bandung Barat,Jawa Barat,-6.89456739,107.42271665,Asia/Jakarta,2025-07-18 11:48:05.540,2025-07-18 11:48:05.540
"32.17.16.2004",Bojonghaleuang,Saguling,Bandung Barat,Jawa Barat,-6.86785345,107.45044135,Asia/Jakarta,2025-07-18 11:48:05.586,2025-07-18 11:48:05.586
"32.17.16.2005",Cipangeran,Saguling,Bandung Barat,Jawa Barat,-6.87686623,107.39808069,Asia/Jakarta,2025-07-18 11:48:05.613,2025-07-18 11:48:05.613
"32.17.16.2006",Saguling,Saguling,Bandung Barat,Jawa Barat,-6.89792943,107.37192978,Asia/Jakarta,2025-07-18 11:48:05.671,2025-07-18 11:48:05.671
"32.17.04.2001",Ciptagumati,Cikalongwetan,Bandung Barat,Jawa Barat,-6.73809769,107.44205524,Asia/Jakarta,2025-07-18 11:48:06.115,2025-07-18 11:48:06.115
"32.17.04.2002",Cikalong,Cikalongwetan,Bandung Barat,Jawa Barat,-6.73104657,107.42220512,Asia/Jakarta,2025-07-18 11:48:06.153,2025-07-18 11:48:06.153
"32.17.04.2003",Cipada,Cikalongwetan,Bandung Barat,Jawa Barat,-6.76615271,107.50431326,Asia/Jakarta,2025-07-18 11:48:06.190,2025-07-18 11:48:06.190
"32.17.04.2004",Cisomangbarat,Cikalongwetan,Bandung Barat,Jawa Barat,-6.71711154,107.45216965,Asia/Jakarta,2025-07-18 11:48:06.222,2025-07-18 11:48:06.222
"32.17.04.2005",Ganjarsari,Cikalongwetan,Bandung Barat,Jawa Barat,-6.74857556,107.49636891,Asia/Jakarta,2025-07-18 11:48:06.258,2025-07-18 11:48:06.258
"32.17.04.2006",Kanangasari,Cikalongwetan,Bandung Barat,Jawa Barat,-6.75988662,107.40545755,Asia/Jakarta,2025-07-18 11:48:06.302,2025-07-18 11:48:06.302
"32.17.04.2007",Mandalasari,Cikalongwetan,Bandung Barat,Jawa Barat,-6.76586369,107.44048417,Asia/Jakarta,2025-07-18 11:48:06.340,2025-07-18 11:48:06.340
"32.17.04.2008",Mandalamukti,Cikalongwetan,Bandung Barat,Jawa Barat,-6.74959649,107.45456864,Asia/Jakarta,2025-07-18 11:48:06.372,2025-07-18 11:48:06.372
"32.17.04.2009",Mekarjaya,Cikalongwetan,Bandung Barat,Jawa Barat,-6.77809203,107.47121426,Asia/Jakarta,2025-07-18 11:48:06.400,2025-07-18 11:48:06.400
"32.17.04.2010",Puteran,Cikalongwetan,Bandung Barat,Jawa Barat,-6.70583437,107.39263913,Asia/Jakarta,2025-07-18 11:48:06.438,2025-07-18 11:48:06.438
"32.17.04.2011",Rende,Cikalongwetan,Bandung Barat,Jawa Barat,-6.73677019,107.40449443,Asia/Jakarta,2025-07-18 11:48:06.478,2025-07-18 11:48:06.478
"32.17.04.2012",Tenjolaut,Cikalongwetan,Bandung Barat,Jawa Barat,-6.71079223,107.42731542,Asia/Jakarta,2025-07-18 11:48:06.522,2025-07-18 11:48:06.522
"32.17.04.2013",Wangunjaya,Cikalongwetan,Bandung Barat,Jawa Barat,-6.72947141,107.46725092,Asia/Jakarta,2025-07-18 11:48:06.553,2025-07-18 11:48:06.553
"32.17.11.2001",Cililin,Cililin,Bandung Barat,Jawa Barat,-6.94698970,107.45460155,Asia/Jakarta,2025-07-18 11:48:07.892,2025-07-18 11:48:07.892
"32.17.11.2002",Budiharja,Cililin,Bandung Barat,Jawa Barat,-6.93799857,107.43416599,Asia/Jakarta,2025-07-18 11:48:07.917,2025-07-18 11:48:07.917
"32.17.11.2003",Batulayang,Cililin,Bandung Barat,Jawa Barat,-6.96606474,107.44745479,Asia/Jakarta,2025-07-18 11:48:07.951,2025-07-18 11:48:07.951
"32.17.11.2004",Bongas,Cililin,Bandung Barat,Jawa Barat,-6.95475685,107.42534430,Asia/Jakarta,2025-07-18 11:48:07.986,2025-07-18 11:48:07.986
"32.17.11.2005",Karanganyar,Cililin,Bandung Barat,Jawa Barat,-6.93052211,107.39607282,Asia/Jakarta,2025-07-18 11:48:08.025,2025-07-18 11:48:08.025
"32.17.11.2006",Karangtanjung,Cililin,Bandung Barat,Jawa Barat,-6.95643186,107.46809438,Asia/Jakarta,2025-07-18 11:48:08.067,2025-07-18 11:48:08.067
"32.17.11.2007",Karyamukti,Cililin,Bandung Barat,Jawa Barat,-7.03577112,107.46964019,Asia/Jakarta,2025-07-18 11:48:08.110,2025-07-18 11:48:08.110
"32.17.11.2008",Kidangpananjung,Cililin,Bandung Barat,Jawa Barat,-6.97987764,107.48226988,Asia/Jakarta,2025-07-18 11:48:08.146,2025-07-18 11:48:08.146
"32.17.11.2009",Mukapayung,Cililin,Bandung Barat,Jawa Barat,-6.99382590,107.45512977,Asia/Jakarta,2025-07-18 11:48:08.176,2025-07-18 11:48:08.176
"32.17.11.2010",Nanggerang,Cililin,Bandung Barat,Jawa Barat,-7.01591090,107.45520628,Asia/Jakarta,2025-07-18 11:48:08.204,2025-07-18 11:48:08.204
"32.17.11.2011",Rancapanggung,Cililin,Bandung Barat,Jawa Barat,-6.98398170,107.42890923,Asia/Jakarta,2025-07-18 11:48:08.240,2025-07-18 11:48:08.240
"32.73.01.1001",Sukarasa,Sukasari,Kota Bandung,Jawa Barat,-6.87422747,107.58539617,Asia/Jakarta,2025-07-18 11:48:21.800,2025-07-18 11:48:21.800
"32.73.01.1002",Gegerkalong,Sukasari,Kota Bandung,Jawa Barat,-6.86935045,107.58886501,Asia/Jakarta,2025-07-18 11:48:22.157,2025-07-18 11:48:22.157
"32.73.01.1003",Isola,Sukasari,Kota Bandung,Jawa Barat,-6.85353614,107.59309735,Asia/Jakarta,2025-07-18 11:48:22.267,2025-07-18 11:48:22.267
"32.73.01.1004",Sarijadi,Sukasari,Kota Bandung,Jawa Barat,-6.87580068,107.57716034,Asia/Jakarta,2025-07-18 11:48:22.320,2025-07-18 11:48:22.320
"32.73.02.1001",Cipaganti,Coblong,Kota Bandung,Jawa Barat,-6.89043196,107.60400972,Asia/Jakarta,2025-07-18 11:48:22.439,2025-07-18 11:48:22.439
"32.73.02.1002",Lebak Gede,Coblong,Kota Bandung,Jawa Barat,-6.89264480,107.61616401,Asia/Jakarta,2025-07-18 11:48:22.499,2025-07-18 11:48:22.499
"32.73.02.1003",Sadang Serang,Coblong,Kota Bandung,Jawa Barat,-6.89443295,107.62391441,Asia/Jakarta,2025-07-18 11:48:22.554,2025-07-18 11:48:22.554
"32.73.02.1004",Dago,Coblong,Kota Bandung,Jawa Barat,-6.87464506,107.61575553,Asia/Jakarta,2025-07-18 11:48:22.620,2025-07-18 11:48:22.620
"32.73.02.1005",Sekeloa,Coblong,Kota Bandung,Jawa Barat,-6.88655219,107.62088049,Asia/Jakarta,2025-07-18 11:48:22.676,2025-07-18 11:48:22.676
"32.73.02.1006",Lebak Siliwangi,Coblong,Kota Bandung,Jawa Barat,-6.89103593,107.60983187,Asia/Jakarta,2025-07-18 11:48:22.833,2025-07-18 11:48:22.833
"32.73.03.1001",Babakan Ciparay,Babakan Ciparay,Kota Bandung,Jawa Barat,-6.94164679,107.57983992,Asia/Jakarta,2025-07-18 11:48:22.989,2025-07-18 11:48:22.989
"32.73.03.1002",Babakan,Babakan Ciparay,Kota Bandung,Jawa Barat,-6.93436334,107.57541373,Asia/Jakarta,2025-07-18 11:48:23.040,2025-07-18 11:48:23.040
"32.73.03.1003",Sukahaji,Babakan Ciparay,Kota Bandung,Jawa Barat,-6.92679993,107.58310770,Asia/Jakarta,2025-07-18 11:48:23.156,2025-07-18 11:48:23.156
"32.73.03.1004",Margahayu Utara,Babakan Ciparay,Kota Bandung,Jawa Barat,-6.94828503,107.57538382,Asia/Jakarta,2025-07-18 11:48:23.228,2025-07-18 11:48:23.228
"32.73.03.1005",Margasuka,Babakan Ciparay,Kota Bandung,Jawa Barat,-6.95423211,107.57548895,Asia/Jakarta,2025-07-18 11:48:23.269,2025-07-18 11:48:23.269
"32.73.03.1006",Cirangrang,Babakan Ciparay,Kota Bandung,Jawa Barat,-6.95736561,107.58562441,Asia/Jakarta,2025-07-18 11:48:23.318,2025-07-18 11:48:23.318
"32.73.04.1001",Kopo,Bojongloa Kaler,Kota Bandung,Jawa Barat,-6.94131523,107.58742169,Asia/Jakarta,2025-07-18 11:48:23.437,2025-07-18 11:48:23.437
"32.73.04.1002",Babakan Tarogong,Bojongloa Kaler,Kota Bandung,Jawa Barat,-6.92729137,107.59053278,Asia/Jakarta,2025-07-18 11:48:23.468,2025-07-18 11:48:23.468
"32.73.04.1003",Jamika,Bojongloa Kaler,Kota Bandung,Jawa Barat,-6.92243017,107.58907911,Asia/Jakarta,2025-07-18 11:48:23.500,2025-07-18 11:48:23.500
"32.73.04.1004",Babakan Asih,Bojongloa Kaler,Kota Bandung,Jawa Barat,-6.93153362,107.59453714,Asia/Jakarta,2025-07-18 11:48:23.528,2025-07-18 11:48:23.528
"32.73.04.1005",Suka Asih,Bojongloa Kaler,Kota Bandung,Jawa Barat,-6.93375360,107.58899699,Asia/Jakarta,2025-07-18 11:48:23.568,2025-07-18 11:48:23.568
"32.73.05.1001",Maleber,Andir,Kota Bandung,Jawa Barat,-6.90933523,107.57242520,Asia/Jakarta,2025-07-18 11:48:23.664,2025-07-18 11:48:23.664
"32.73.05.1002",Dungus Cariang,Andir,Kota Bandung,Jawa Barat,-6.91423574,107.58070978,Asia/Jakarta,2025-07-18 11:48:23.696,2025-07-18 11:48:23.696
"32.73.05.1003",Ciroyom,Andir,Kota Bandung,Jawa Barat,-6.91587983,107.58822692,Asia/Jakarta,2025-07-18 11:48:23.735,2025-07-18 11:48:23.735
"32.73.05.1004",Kebon Jeruk,Andir,Kota Bandung,Jawa Barat,-6.91721588,107.59883447,Asia/Jakarta,2025-07-18 11:48:23.770,2025-07-18 11:48:23.770
"32.73.05.1005",Garuda,Andir,Kota Bandung,Jawa Barat,-6.91187353,107.57600873,Asia/Jakarta,2025-07-18 11:48:23.802,2025-07-18 11:48:23.802
"32.73.05.1006",Campaka,Andir,Kota Bandung,Jawa Barat,-6.89980166,107.56614170,Asia/Jakarta,2025-07-18 11:48:23.838,2025-07-18 11:48:23.838
"32.73.06.1001",Husein Sastranegara,Cicendo,Kota Bandung,Jawa Barat,-6.90199821,107.57940477,Asia/Jakarta,2025-07-18 11:48:23.957,2025-07-18 11:48:23.957
"32.73.06.1002",Arjuna,Cicendo,Kota Bandung,Jawa Barat,-6.91041749,107.59344533,Asia/Jakarta,2025-07-18 11:48:23.992,2025-07-18 11:48:23.992
"32.73.06.1003",Pajajaran,Cicendo,Kota Bandung,Jawa Barat,-6.89918598,107.58727680,Asia/Jakarta,2025-07-18 11:48:24.024,2025-07-18 11:48:24.024
"32.73.06.1004",Pasirkaliki,Cicendo,Kota Bandung,Jawa Barat,-6.90763789,107.60083509,Asia/Jakarta,2025-07-18 11:48:24.058,2025-07-18 11:48:24.058
"32.73.06.1005",Pamoyanan,Cicendo,Kota Bandung,Jawa Barat,-6.90305804,107.59389563,Asia/Jakarta,2025-07-18 11:48:24.100,2025-07-18 11:48:24.100
"32.73.06.1006",Sukaraja,Cicendo,Kota Bandung,Jawa Barat,-6.89248404,107.56695345,Asia/Jakarta,2025-07-18 11:48:24.128,2025-07-18 11:48:24.128
"32.73.07.1001",Pasteur,Sukajadi,Kota Bandung,Jawa Barat,-6.89089260,107.59947873,Asia/Jakarta,2025-07-18 11:48:24.246,2025-07-18 11:48:24.246
"32.73.07.1002",Cipedes,Sukajadi,Kota Bandung,Jawa Barat,-6.88593110,107.59359004,Asia/Jakarta,2025-07-18 11:48:24.277,2025-07-18 11:48:24.277
"32.73.07.1003",Sukawarna,Sukajadi,Kota Bandung,Jawa Barat,-6.88625191,107.57763582,Asia/Jakarta,2025-07-18 11:48:24.307,2025-07-18 11:48:24.307
"32.73.07.1004",Sukagalih,Sukajadi,Kota Bandung,Jawa Barat,-6.88669812,107.58642032,Asia/Jakarta,2025-07-18 11:48:24.350,2025-07-18 11:48:24.350
"32.73.07.1005",Sukabungah,Sukajadi,Kota Bandung,Jawa Barat,-6.89574453,107.59421178,Asia/Jakarta,2025-07-18 11:48:24.393,2025-07-18 11:48:24.393
"32.73.08.1001",Hegarmanah,Cidadap,Kota Bandung,Jawa Barat,-6.87472499,107.60086899,Asia/Jakarta,2025-07-18 11:48:24.514,2025-07-18 11:48:24.514
"32.73.08.1002",Ciumbuleuit,Cidadap,Kota Bandung,Jawa Barat,-6.86174224,107.61121454,Asia/Jakarta,2025-07-18 11:48:24.569,2025-07-18 11:48:24.569
"32.73.08.1003",Ledeng,Cidadap,Kota Bandung,Jawa Barat,-6.85542397,107.59920477,Asia/Jakarta,2025-07-18 11:48:24.601,2025-07-18 11:48:24.601
"32.73.09.1001",Cihapit,Bandung Wetan,Kota Bandung,Jawa Barat,-6.90826996,107.62697078,Asia/Jakarta,2025-07-18 11:48:24.675,2025-07-18 11:48:24.675
"32.73.09.1002",Taman Sari,Bandung Wetan,Kota Bandung,Jawa Barat,-6.90152140,107.60725931,Asia/Jakarta,2025-07-18 11:48:24.706,2025-07-18 11:48:24.706
"32.73.09.1003",Citarum,Bandung Wetan,Kota Bandung,Jawa Barat,-6.90443956,107.61636446,Asia/Jakarta,2025-07-18 11:48:24.742,2025-07-18 11:48:24.742
"32.73.10.1001",Karasak,Astana Anyar,Kota Bandung,Jawa Barat,-6.94889214,107.60772232,Asia/Jakarta,2025-07-18 11:48:24.821,2025-07-18 11:48:24.821
"32.73.10.1002",Nyengseret,Astana Anyar,Kota Bandung,Jawa Barat,-6.93080399,107.60160241,Asia/Jakarta,2025-07-18 11:48:24.855,2025-07-18 11:48:24.855
"32.73.10.1003",Karang Anyar,Astana Anyar,Kota Bandung,Jawa Barat,-6.92352820,107.60135029,Asia/Jakarta,2025-07-18 11:48:24.885,2025-07-18 11:48:24.885
"32.73.10.1004",Panjunan,Astana Anyar,Kota Bandung,Jawa Barat,-6.92970926,107.59803277,Asia/Jakarta,2025-07-18 11:48:24.918,2025-07-18 11:48:24.918
"32.73.10.1005",Cibadak,Astana Anyar,Kota Bandung,Jawa Barat,-6.92316118,107.59589069,Asia/Jakarta,2025-07-18 11:48:24.948,2025-07-18 11:48:24.948
"32.73.10.1006",Pelindung Hewan,Astana Anyar,Kota Bandung,Jawa Barat,-6.93995158,107.60314936,Asia/Jakarta,2025-07-18 11:48:24.981,2025-07-18 11:48:24.981
"32.73.11.1001",Cigereleng,Regol,Kota Bandung,Jawa Barat,-6.94080390,107.61070103,Asia/Jakarta,2025-07-18 11:48:25.092,2025-07-18 11:48:25.092
"32.73.11.1002",Ancol,Regol,Kota Bandung,Jawa Barat,-6.94064774,107.61629406,Asia/Jakarta,2025-07-18 11:48:25.130,2025-07-18 11:48:25.130
"32.73.11.1003",Pungkur,Regol,Kota Bandung,Jawa Barat,-6.92994518,107.60733594,Asia/Jakarta,2025-07-18 11:48:25.166,2025-07-18 11:48:25.166
"32.73.11.1004",Balong Gede,Regol,Kota Bandung,Jawa Barat,-6.92569253,107.60781928,Asia/Jakarta,2025-07-18 11:48:25.204,2025-07-18 11:48:25.204
"32.73.11.1005",Ciseureuh,Regol,Kota Bandung,Jawa Barat,-6.95073607,107.61288054,Asia/Jakarta,2025-07-18 11:48:25.234,2025-07-18 11:48:25.234
"32.73.11.1006",Ciateul,Regol,Kota Bandung,Jawa Barat,-6.93446164,107.60791626,Asia/Jakarta,2025-07-18 11:48:25.273,2025-07-18 11:48:25.273
"32.73.11.1007",Pasirluyu,Regol,Kota Bandung,Jawa Barat,-6.94867621,107.61904225,Asia/Jakarta,2025-07-18 11:48:25.311,2025-07-18 11:48:25.311
"32.73.12.1001",Gumuruh,Batununggal,Kota Bandung,Jawa Barat,-6.93808466,107.63714251,Asia/Jakarta,2025-07-18 11:48:25.470,2025-07-18 11:48:25.470
"32.73.12.1002",Maleer,Batununggal,Kota Bandung,Jawa Barat,-6.92666878,107.63958825,Asia/Jakarta,2025-07-18 11:48:25.494,2025-07-18 11:48:25.494
"32.73.12.1003",Cibangkong,Batununggal,Kota Bandung,Jawa Barat,-6.92372388,107.63356888,Asia/Jakarta,2025-07-18 11:48:25.523,2025-07-18 11:48:25.523
"32.73.12.1004",Kacapiring,Batununggal,Kota Bandung,Jawa Barat,-6.91770230,107.63401323,Asia/Jakarta,2025-07-18 11:48:25.553,2025-07-18 11:48:25.553
"32.73.12.1005",Kebon Waru,Batununggal,Kota Bandung,Jawa Barat,-6.91633546,107.64120828,Asia/Jakarta,2025-07-18 11:48:25.588,2025-07-18 11:48:25.588
"32.73.12.1006",Kebon Gedang,Batununggal,Kota Bandung,Jawa Barat,-6.92649752,107.64283503,Asia/Jakarta,2025-07-18 11:48:25.620,2025-07-18 11:48:25.620
"32.73.12.1007",Samoja,Batununggal,Kota Bandung,Jawa Barat,-6.92155611,107.62727740,Asia/Jakarta,2025-07-18 11:48:25.654,2025-07-18 11:48:25.654
"32.73.12.1008",Binong,Batununggal,Kota Bandung,Jawa Barat,-6.93808851,107.64065342,Asia/Jakarta,2025-07-18 11:48:25.682,2025-07-18 11:48:25.682
"32.73.13.1001",Cijagra,Lengkong,Kota Bandung,Jawa Barat,-6.94418932,107.62534769,Asia/Jakarta,2025-07-18 11:48:25.821,2025-07-18 11:48:25.821
"32.73.13.1002",Lingkar Selatan,Lengkong,Kota Bandung,Jawa Barat,-6.92931797,107.62952439,Asia/Jakarta,2025-07-18 11:48:25.853,2025-07-18 11:48:25.853
"32.73.13.1003",Burangrang,Lengkong,Kota Bandung,Jawa Barat,-6.92963189,107.61819485,Asia/Jakarta,2025-07-18 11:48:25.885,2025-07-18 11:48:25.885
"32.73.13.1004",Paledang,Lengkong,Kota Bandung,Jawa Barat,-6.92480003,107.61469549,Asia/Jakarta,2025-07-18 11:48:25.921,2025-07-18 11:48:25.921
"32.73.13.1005",Turangga,Lengkong,Kota Bandung,Jawa Barat,-6.93857519,107.62927757,Asia/Jakarta,2025-07-18 11:48:25.953,2025-07-18 11:48:25.953
"32.73.13.1006",Malabar,Lengkong,Kota Bandung,Jawa Barat,-6.92611617,107.62152671,Asia/Jakarta,2025-07-18 11:48:25.980,2025-07-18 11:48:25.980
"32.73.13.1007",Cikawao,Lengkong,Kota Bandung,Jawa Barat,-6.92652895,107.61215699,Asia/Jakarta,2025-07-18 11:48:26.019,2025-07-18 11:48:26.019
"32.73.14.1001",Padasuka,Cibeunying Kidul,Kota Bandung,Jawa Barat,-6.90374927,107.64761153,Asia/Jakarta,2025-07-18 11:48:26.152,2025-07-18 11:48:26.152
"32.73.14.1002",Cikutra,Cibeunying Kidul,Kota Bandung,Jawa Barat,-6.90280219,107.63995105,Asia/Jakarta,2025-07-18 11:48:26.189,2025-07-18 11:48:26.189
"32.73.14.1003",Cicadas,Cibeunying Kidul,Kota Bandung,Jawa Barat,-6.90627673,107.63728004,Asia/Jakarta,2025-07-18 11:48:26.222,2025-07-18 11:48:26.222
"32.73.14.1004",Sukamaju,Cibeunying Kidul,Kota Bandung,Jawa Barat,-6.90858819,107.63404485,Asia/Jakarta,2025-07-18 11:48:26.252,2025-07-18 11:48:26.252
"32.73.14.1005",Sukapada,Cibeunying Kidul,Kota Bandung,Jawa Barat,-6.89596144,107.64678790,Asia/Jakarta,2025-07-18 11:48:26.294,2025-07-18 11:48:26.294
"32.73.14.1006",Pasirlayung,Cibeunying Kidul,Kota Bandung,Jawa Barat,-6.89507028,107.65643036,Asia/Jakarta,2025-07-18 11:48:26.324,2025-07-18 11:48:26.324
"32.73.15.1001",Cijerah,Bandung Kulon,Kota Bandung,Jawa Barat,-6.91888565,107.56719949,Asia/Jakarta,2025-07-18 11:48:26.450,2025-07-18 11:48:26.450
"32.73.15.1002",Cibuntu,Bandung Kulon,Kota Bandung,Jawa Barat,-6.92164182,107.57174634,Asia/Jakarta,2025-07-18 11:48:26.488,2025-07-18 11:48:26.488
"32.73.15.1003",Warung Muncang,Bandung Kulon,Kota Bandung,Jawa Barat,-6.92398358,107.57703286,Asia/Jakarta,2025-07-18 11:48:26.520,2025-07-18 11:48:26.520
"32.73.15.1004",Caringin,Bandung Kulon,Kota Bandung,Jawa Barat,-6.93112822,107.57046999,Asia/Jakarta,2025-07-18 11:48:26.553,2025-07-18 11:48:26.553
"32.73.15.1005",Cigondewah Kaler,Bandung Kulon,Kota Bandung,Jawa Barat,-6.93509950,107.56279972,Asia/Jakarta,2025-07-18 11:48:26.589,2025-07-18 11:48:26.589
"32.73.15.1006",Gempol Sari,Bandung Kulon,Kota Bandung,Jawa Barat,-6.93190199,107.55341329,Asia/Jakarta,2025-07-18 11:48:26.616,2025-07-18 11:48:26.616
"32.73.15.1007",Cigondewah Rahayu,Bandung Kulon,Kota Bandung,Jawa Barat,-6.94769996,107.56351157,Asia/Jakarta,2025-07-18 11:48:26.645,2025-07-18 11:48:26.645
"32.73.15.1008",Cigondewah Kidul,Bandung Kulon,Kota Bandung,Jawa Barat,-6.94133467,107.56292093,Asia/Jakarta,2025-07-18 11:48:26.672,2025-07-18 11:48:26.672
"32.73.16.1001",Sukapura,Kiaracondong,Kota Bandung,Jawa Barat,-6.93482917,107.65140313,Asia/Jakarta,2025-07-18 11:48:26.818,2025-07-18 11:48:26.818
"32.73.16.1002",Kebon Jayanti,Kiaracondong,Kota Bandung,Jawa Barat,-6.92743832,107.64679604,Asia/Jakarta,2025-07-18 11:48:26.852,2025-07-18 11:48:26.852
"32.73.16.1003",Babakan Surabaya,Kiaracondong,Kota Bandung,Jawa Barat,-6.91413771,107.64775883,Asia/Jakarta,2025-07-18 11:48:26.882,2025-07-18 11:48:26.882
"32.73.16.1004",Cicaheum,Kiaracondong,Kota Bandung,Jawa Barat,-6.90700155,107.65303574,Asia/Jakarta,2025-07-18 11:48:26.916,2025-07-18 11:48:26.916
"32.73.16.1005",Babakan Sari,Kiaracondong,Kota Bandung,Jawa Barat,-6.92314040,107.65063922,Asia/Jakarta,2025-07-18 11:48:26.951,2025-07-18 11:48:26.951
"32.73.16.1006",Kebon Kangkung,Kiaracondong,Kota Bandung,Jawa Barat,-6.93770484,107.64400852,Asia/Jakarta,2025-07-18 11:48:26.988,2025-07-18 11:48:26.988
"32.73.17.1001",Situsaeur,Bojongloa Kidul,Kota Bandung,Jawa Barat,-6.94019367,107.59536207,Asia/Jakarta,2025-07-18 11:48:27.122,2025-07-18 11:48:27.122
"32.73.17.1002",Kebon Lega,Bojongloa Kidul,Kota Bandung,Jawa Barat,-6.94708360,107.59783336,Asia/Jakarta,2025-07-18 11:48:27.152,2025-07-18 11:48:27.152
"32.73.17.1003",Cibaduyut,Bojongloa Kidul,Kota Bandung,Jawa Barat,-6.95326684,107.59315684,Asia/Jakarta,2025-07-18 11:48:27.189,2025-07-18 11:48:27.189
"32.73.17.1004",Mekar Wangi,Bojongloa Kidul,Kota Bandung,Jawa Barat,-6.95522171,107.60450775,Asia/Jakarta,2025-07-18 11:48:27.217,2025-07-18 11:48:27.217
"32.73.17.1005",Cibaduyut Kidul,Bojongloa Kidul,Kota Bandung,Jawa Barat,-6.95975259,107.59121037,Asia/Jakarta,2025-07-18 11:48:27.251,2025-07-18 11:48:27.251
"32.73.17.1006",Cibaduyut Wetan,Bojongloa Kidul,Kota Bandung,Jawa Barat,-6.95888395,107.59867087,Asia/Jakarta,2025-07-18 11:48:27.292,2025-07-18 11:48:27.292
"32.73.18.1001",Cihaur Geulis,Cibeunying Kaler,Kota Bandung,Jawa Barat,-6.90135556,107.62863309,Asia/Jakarta,2025-07-18 11:48:27.406,2025-07-18 11:48:27.406
"32.73.18.1002",Sukaluyu,Cibeunying Kaler,Kota Bandung,Jawa Barat,-6.89596058,107.63000720,Asia/Jakarta,2025-07-18 11:48:27.434,2025-07-18 11:48:27.434
"32.73.18.1003",Neglasari,Cibeunying Kaler,Kota Bandung,Jawa Barat,-6.89516971,107.63921821,Asia/Jakarta,2025-07-18 11:48:27.471,2025-07-18 11:48:27.471
"32.73.18.1004",Cigadung,Cibeunying Kaler,Kota Bandung,Jawa Barat,-6.88024198,107.62775067,Asia/Jakarta,2025-07-18 11:48:27.504,2025-07-18 11:48:27.504
"32.73.19.1001",Braga,Sumur Bandung,Kota Bandung,Jawa Barat,-6.91812043,107.60853591,Asia/Jakarta,2025-07-18 11:48:27.582,2025-07-18 11:48:27.582
"32.73.19.1002",Merdeka,Sumur Bandung,Kota Bandung,Jawa Barat,-6.91352050,107.62115346,Asia/Jakarta,2025-07-18 11:48:27.612,2025-07-18 11:48:27.612
"32.73.19.1003",Kebon Pisang,Sumur Bandung,Kota Bandung,Jawa Barat,-6.91928876,107.61710125,Asia/Jakarta,2025-07-18 11:48:27.644,2025-07-18 11:48:27.644
"32.73.19.1004",Babakan Ciamis,Sumur Bandung,Kota Bandung,Jawa Barat,-6.91146031,107.60855707,Asia/Jakarta,2025-07-18 11:48:27.677,2025-07-18 11:48:27.677
"32.73.20.1001",Antapani Kulon,Antapani,Kota Bandung,Jawa Barat,-6.90998188,107.65627755,Asia/Jakarta,2025-07-18 11:48:27.754,2025-07-18 11:48:27.754
"32.73.20.1004",Antapani Tengah,Antapani,Kota Bandung,Jawa Barat,-6.91903766,107.66246246,Asia/Jakarta,2025-07-18 11:48:27.783,2025-07-18 11:48:27.783
"32.73.20.1005",Antapani Kidul,Antapani,Kota Bandung,Jawa Barat,-6.92323281,107.65984603,Asia/Jakarta,2025-07-18 11:48:27.824,2025-07-18 11:48:27.824
"32.73.24.1003",Cisaranten Kulon,Arcamanik,Kota Bandung,Jawa Barat,-6.92525618,107.68065079,Asia/Jakarta,2025-07-18 11:48:27.860,2025-07-18 11:48:27.860
"32.73.24.1004",Cisaranten Endah,Arcamanik,Kota Bandung,Jawa Barat,-6.93077393,107.67212376,Asia/Jakarta,2025-07-18 11:48:27.893,2025-07-18 11:48:27.893
"32.73.24.1001",Sukamiskin,Arcamanik,Kota Bandung,Jawa Barat,-6.91306986,107.67354179,Asia/Jakarta,2025-07-18 11:48:27.930,2025-07-18 11:48:27.930
"32.73.24.1002",Cisaranten Bina Harapan,Arcamanik,Kota Bandung,Jawa Barat,-6.91123104,107.68521430,Asia/Jakarta,2025-07-18 11:48:27.954,2025-07-18 11:48:27.954
"32.73.25.1001",Palasari,Cibiru,Kota Bandung,Jawa Barat,-6.91322622,107.72401304,Asia/Jakarta,2025-07-18 11:48:28.020,2025-07-18 11:48:28.020
"32.73.25.1002",Cipadung,Cibiru,Kota Bandung,Jawa Barat,-6.92422755,107.71913874,Asia/Jakarta,2025-07-18 11:48:28.057,2025-07-18 11:48:28.057
"32.73.25.1003",Pasir Biru,Cibiru,Kota Bandung,Jawa Barat,-6.92415822,107.72406648,Asia/Jakarta,2025-07-18 11:48:28.105,2025-07-18 11:48:28.105
"32.73.25.1004",Cisurupan,Cibiru,Kota Bandung,Jawa Barat,-6.90565994,107.72313060,Asia/Jakarta,2025-07-18 11:48:28.141,2025-07-18 11:48:28.141
"32.73.26.1003",Pasir Endah,Ujungberung,Kota Bandung,Jawa Barat,-6.90433025,107.69006986,Asia/Jakarta,2025-07-18 11:48:28.258,2025-07-18 11:48:28.258
"32.73.26.1004",Cigending,Ujungberung,Kota Bandung,Jawa Barat,-6.91052100,107.69785704,Asia/Jakarta,2025-07-18 11:48:28.282,2025-07-18 11:48:28.282
"32.73.26.1005",Pasirwangi,Ujungberung,Kota Bandung,Jawa Barat,-6.89944187,107.70632682,Asia/Jakarta,2025-07-18 11:48:28.312,2025-07-18 11:48:28.312
"32.73.26.1006",Pasirjati,Ujungberung,Kota Bandung,Jawa Barat,-6.90278313,107.71034359,Asia/Jakarta,2025-07-18 11:48:28.355,2025-07-18 11:48:28.355
"32.73.26.1007",Pasanggrahan,Ujungberung,Kota Bandung,Jawa Barat,-6.91068549,107.71397596,Asia/Jakarta,2025-07-18 11:48:28.390,2025-07-18 11:48:28.390
"32.73.27.1001",Cimincrang,Gedebage,Kota Bandung,Jawa Barat,-6.94573933,107.70491593,Asia/Jakarta,2025-07-18 11:48:28.484,2025-07-18 11:48:28.484
"32.73.27.1002",Cisaranten Kidul,Gedebage,Kota Bandung,Jawa Barat,-6.94944527,107.69306399,Asia/Jakarta,2025-07-18 11:48:28.523,2025-07-18 11:48:28.523
"32.73.27.1003",Rancabolang,Gedebage,Kota Bandung,Jawa Barat,-6.96192857,107.69305317,Asia/Jakarta,2025-07-18 11:48:28.553,2025-07-18 11:48:28.553
"32.73.27.1004",Rancanumpang,Gedebage,Kota Bandung,Jawa Barat,-6.96019801,107.70986290,Asia/Jakarta,2025-07-18 11:48:28.589,2025-07-18 11:48:28.589
"32.73.28.1001",Cipadung Kulon,Panyileukan,Kota Bandung,Jawa Barat,-6.92174078,107.70453127,Asia/Jakarta,2025-07-18 11:48:28.674,2025-07-18 11:48:28.674
"32.73.28.1002",Cipadung Kidul,Panyileukan,Kota Bandung,Jawa Barat,-6.94141590,107.71168829,Asia/Jakarta,2025-07-18 11:48:28.700,2025-07-18 11:48:28.700
"32.73.28.1003",Cipadung Wetan,Panyileukan,Kota Bandung,Jawa Barat,-6.93166824,107.70991215,Asia/Jakarta,2025-07-18 11:48:28.726,2025-07-18 11:48:28.726
"32.73.28.1004",Mekar Mulya,Panyileukan,Kota Bandung,Jawa Barat,-6.93110181,107.69993586,Asia/Jakarta,2025-07-18 11:48:28.758,2025-07-18 11:48:28.758
"32.73.29.1001",Cisaranten Wetan,Cinambo,Kota Bandung,Jawa Barat,-6.92397129,107.68755971,Asia/Jakarta,2025-07-18 11:48:28.839,2025-07-18 11:48:28.839
"32.73.29.1002",Pakemitan,Cinambo,Kota Bandung,Jawa Barat,-6.92089482,107.69350243,Asia/Jakarta,2025-07-18 11:48:28.869,2025-07-18 11:48:28.869
"32.73.29.1003",Sukamulya,Cinambo,Kota Bandung,Jawa Barat,-6.92025243,107.69895870,Asia/Jakarta,2025-07-18 11:48:28.899,2025-07-18 11:48:28.899
"32.73.29.1004",Babakan Penghulu,Cinambo,Kota Bandung,Jawa Barat,-6.93608158,107.69002671,Asia/Jakarta,2025-07-18 11:48:28.927,2025-07-18 11:48:28.927
"32.73.30.1001",Jatihandap,Mandalajati,Kota Bandung,Jawa Barat,-6.89557679,107.66342991,Asia/Jakarta,2025-07-18 11:48:29.015,2025-07-18 11:48:29.015
"32.73.30.1002",Karang Pamulang,Mandalajati,Kota Bandung,Jawa Barat,-6.89848355,107.67193129,Asia/Jakarta,2025-07-18 11:48:29.052,2025-07-18 11:48:29.052
"32.73.30.1003",Pasir Impun,Mandalajati,Kota Bandung,Jawa Barat,-6.89730080,107.67939625,Asia/Jakarta,2025-07-18 11:48:29.098,2025-07-18 11:48:29.098
"32.73.30.1004",Sindang Jaya,Mandalajati,Kota Bandung,Jawa Barat,-6.90105948,107.68383220,Asia/Jakarta,2025-07-18 11:48:29.135,2025-07-18 11:48:29.135
"32.73.20.1006",Antapani Wetan,Antapani,Kota Bandung,Jawa Barat,-6.90933643,107.66401741,Asia/Jakarta,2025-07-18 11:48:31.301,2025-07-18 11:48:31.301
"32.73.21.1001",Batununggal,Bandung Kidul,Kota Bandung,Jawa Barat,-6.95257179,107.63200556,Asia/Jakarta,2025-07-18 11:48:32.534,2025-07-18 11:48:32.534
"32.73.21.1002",Wates,Bandung Kidul,Kota Bandung,Jawa Barat,-6.95901001,107.61555243,Asia/Jakarta,2025-07-18 11:48:32.570,2025-07-18 11:48:32.570
"32.73.21.1003",Mengger,Bandung Kidul,Kota Bandung,Jawa Barat,-6.96025154,107.62886464,Asia/Jakarta,2025-07-18 11:48:32.602,2025-07-18 11:48:32.602
"32.73.21.1004",Kujangsari,Bandung Kidul,Kota Bandung,Jawa Barat,-6.96150854,107.64267132,Asia/Jakarta,2025-07-18 11:48:32.642,2025-07-18 11:48:32.642
"32.73.22.1001",Sekejati,Buahbatu,Kota Bandung,Jawa Barat,-6.94602231,107.65508025,Asia/Jakarta,2025-07-18 11:48:32.730,2025-07-18 11:48:32.730
"32.73.22.1002",Margasari,Buahbatu,Kota Bandung,Jawa Barat,-6.95479115,107.65718245,Asia/Jakarta,2025-07-18 11:48:32.769,2025-07-18 11:48:32.769
"32.73.22.1003",Cijaura,Buahbatu,Kota Bandung,Jawa Barat,-6.95866358,107.65071981,Asia/Jakarta,2025-07-18 11:48:32.810,2025-07-18 11:48:32.810
"32.73.22.1004",Jati Sari,Buahbatu,Kota Bandung,Jawa Barat,-6.93611057,107.66169332,Asia/Jakarta,2025-07-18 11:48:32.846,2025-07-18 11:48:32.846
"32.73.23.1001",Cipamokolan,Rancasari,Kota Bandung,Jawa Barat,-6.94676881,107.67590388,Asia/Jakarta,2025-07-18 11:48:32.938,2025-07-18 11:48:32.938
"32.73.23.1002",Derwati,Rancasari,Kota Bandung,Jawa Barat,-6.96112157,107.68167239,Asia/Jakarta,2025-07-18 11:48:32.969,2025-07-18 11:48:32.969
"32.73.23.1003",Manjahlega,Rancasari,Kota Bandung,Jawa Barat,-6.94730106,107.66693740,Asia/Jakarta,2025-07-18 11:48:33.001,2025-07-18 11:48:33.001
"32.73.23.1004",Mekarmulya,Rancasari,Kota Bandung,Jawa Barat,-6.96277050,107.66937096,Asia/Jakarta,2025-07-18 11:48:33.037,2025-07-18 11:48:33.037
